pair_id,source_attribute_id,target_attribute_id,source_label,target_label,source_category,target_category,source_subcategory,target_subcategory,embedding_similarity,lexical_similarity,evidence_support,retrieval_relation_hint,retrieval_status,candidate_source,step4_relation_hint,step4_score,pre_llm_pair_score,relation_type,merge_decision,direction,llm_confidence,rationale,final_merge_confidence,llm_provider,llm_model
pair_attr_life_context_and_constraints_re__attr_life_context_and_constraints_sp__e557fb698b06,attr_life_context_and_constraints__respondent_s_occupational_prestige_score_1970__f5931facf3,attr_life_context_and_constraints__spouse_s_occupational_prestige_score_1970__738caadc9c,respondent's occupational prestige score(1970),spouse's occupational prestige score (1970),Life Context & Constraints,Life Context & Constraints,life context and constraints,life context and constraints,0.9054,1.0,0.7094,embedding_candidate,needs_llm_adjudication,embedding_retrieval+step4_heuristic,possible_broader_narrower,1.0,0.9044,related_but_distinct,keep_separate,none,0.95,"Attributes represent occupational prestige scores of different individuals (respondent vs spouse), thus related but distinct and should be kept separate.",0.9201,openai,gpt-4.1-mini
pair_attr_domain_specific_overlays_respon__attr_domain_specific_overlays_respon__e0d52086afb0,attr_domain_specific_overlays__respondent_s_kids_living_standard_compared_to_r_no_vol__94972952af,attr_domain_specific_overlays__respondent_s_kids_living_standard_compared_to_r_with_v__b2ff981ca6,respondent's kids living standard compared to r (no volunteered response on web),respondent's kids living standard compared to r (with volunteered response on web),Domain-Specific Overlays,Domain-Specific Overlays,uncategorized candidate,uncategorized candidate,0.9224,0.963,0.7094,embedding_candidate,needs_llm_adjudication,embedding_retrieval+step4_heuristic,possible_duplicate,0.963,0.9045,related_but_distinct,keep_separate,none,0.9,"Both attributes measure the same concept but differ by inclusion of volunteered responses, making them related but distinct rather than duplicates or aliases.",0.8971,openai,gpt-4.1-mini
pair_attr_domain_specific_overlays_people__attr_domain_specific_overlays_people__88a3b2824443,attr_domain_specific_overlays__people_helpful_or_looking_out_for_selves_no_volunteere__a0d3738a7e,attr_domain_specific_overlays__people_helpful_or_looking_out_for_selves_with_voluntee__026ad8c642,people helpful or looking out for selves (no volunteered response on web),people helpful or looking out for selves (with volunteered response on web),Domain-Specific Overlays,Domain-Specific Overlays,uncategorized candidate,uncategorized candidate,0.9266,0.9595,0.7094,embedding_candidate,needs_llm_adjudication,embedding_retrieval+step4_heuristic,possible_duplicate,0.9595,0.9059,related_but_distinct,keep_separate,none,0.9,"Attributes differ by inclusion of volunteered response, indicating related but distinct data collection methods rather than duplicates or aliases.",0.8978,openai,gpt-4.1-mini
pair_attr_life_context_and_constraints_a__attr_life_context_and_constraints_a__45e107116bfc,attr_life_context_and_constraints__a_woman_won_t_get_a_job_or_promotion_no_volunteered_re__4d28c13fd7,attr_life_context_and_constraints__a_woman_won_t_get_a_job_or_promotion_with_volunteered__613245e245,a woman won't get a job or promotion (no volunteered response on web),a woman won't get a job or promotion (with volunteered response on web),Life Context & Constraints,Life Context & Constraints,life context and constraints,life context and constraints,0.9189,0.9571,0.7094,embedding_candidate,needs_llm_adjudication,embedding_retrieval+step4_heuristic,possible_duplicate,0.9571,0.9011,alias_of,merge,symmetric,0.95,"Both attributes describe the same concept with the only difference being the source of the response (volunteered or not), making them aliases.",0.9177,openai,gpt-4.1-mini
pair_attr_domain_specific_overlays_should__attr_domain_specific_overlays_should__d339c0d9211f,attr_domain_specific_overlays__should_marijuana_be_made_legal_no_volunteered_response__e3ebcf4a58,attr_domain_specific_overlays__should_marijuana_be_made_legal_with_volunteered_respon__f52ce28b66,should marijuana be made legal (no volunteered response on web),should marijuana be made legal (with volunteered response on web),Domain-Specific Overlays,Domain-Specific Overlays,uncategorized candidate,uncategorized candidate,0.9193,0.9531,0.7094,embedding_candidate,needs_llm_adjudication,embedding_retrieval+step4_heuristic,possible_duplicate,0.9531,0.9003,related_but_distinct,keep_separate,none,0.9,"Both attributes ask about the same topic but differ by inclusion of volunteered response, indicating related but distinct measurement approaches rather than duplicates or aliases.",0.8947,openai,gpt-4.1-mini
pair_attr_demographics_and_population_sho__attr_demographics_and_population_sho__bdcbda2de689,attr_demographics_and_population__should_aged_live_with_their_children_no_volunteered_re__df218fd09e,attr_demographics_and_population__should_aged_live_with_their_children_with_volunteered__78b2ab981d,should aged live with their children (no volunteered response on web),should aged live with their children (with volunteered response on web),Demographics & Population Grounding,Demographics & Population Grounding,demographic variables,demographic variables,0.9086,0.9571,0.7094,embedding_candidate,needs_llm_adjudication,embedding_retrieval+step4_heuristic,possible_duplicate,0.9571,0.8954,related_but_distinct,keep_separate,none,0.9,"Both attributes concern the same question but differ by inclusion of volunteered responses, making them related but distinct rather than duplicates or aliases.",0.8921,openai,gpt-4.1-mini
pair_attr_life_context_and_constraints_pu__attr_life_context_and_constraints_re__73589076eea6,attr_life_context_and_constraints__public_assistance_income_past_12_months_use_adjinc_to__fe297feec8,attr_life_context_and_constraints__retirement_income_past_12_months_use_adjinc_to_adjust__1fca0ceb6f,Public assistance income past 12 months (use ADJINC to adjust to constant dollars),Retirement income past 12 months (use ADJINC to adjust to constant dollars),Life Context & Constraints,Life Context & Constraints,poverty public assistance and retirement income,poverty public assistance and retirement income,0.9455,0.8535,0.7094,embedding_candidate,needs_llm_adjudication,embedding_retrieval+step4_heuristic,possible_related_or_correlated,0.8182,0.8898,related_but_distinct,keep_separate,none,0.95,"Both attributes measure income in the past 12 months adjusted to constant dollars but represent different income sources: public assistance versus retirement income, so they are related but distinct.",0.9101,openai,gpt-4.1-mini
pair_attr_domain_specific_overlays_bible__attr_domain_specific_overlays_bible__fdcaa9c79301,attr_domain_specific_overlays__bible_prayer_in_public_schools_no_volunteered_response__0b0f189cb5,attr_domain_specific_overlays__bible_prayer_in_public_schools_with_volunteered_respon__c9c1029aa1,bible prayer in public schools (no volunteered response on web),bible prayer in public schools (with volunteered response on web),Domain-Specific Overlays,Domain-Specific Overlays,uncategorized candidate,uncategorized candidate,0.9183,0.9531,0.7094,embedding_candidate,needs_llm_adjudication,embedding_retrieval+step4_heuristic,possible_duplicate,0.9531,0.8998,related_but_distinct,keep_separate,none,0.9,"Both attributes concern bible prayer in public schools but differ by response type (no volunteered vs. with volunteered response), indicating related but distinct constructs rather than duplicates or aliases.",0.8944,openai,gpt-4.1-mini
pair_attr_domain_specific_overlays_courts__attr_domain_specific_overlays_courts__559cae7d2eba,attr_domain_specific_overlays__courts_dealing_with_criminals_no_volunteered_response__8e81771057,attr_domain_specific_overlays__courts_dealing_with_criminals_with_volunteered_respons__eb3065ac4a,courts dealing with criminals (no volunteered response on web),courts dealing with criminals (with volunteered response on web),Domain-Specific Overlays,Domain-Specific Overlays,uncategorized candidate,uncategorized candidate,0.9143,0.9524,0.7094,embedding_candidate,needs_llm_adjudication,embedding_retrieval+step4_heuristic,possible_duplicate,0.9524,0.8974,related_but_distinct,keep_separate,none,0.9,"Both attributes refer to courts dealing with criminals but differ by response type (no volunteered vs. with volunteered response), indicating related but distinct constructs rather than duplicates or aliases.",0.8931,openai,gpt-4.1-mini
pair_attr_cognitive_and_capability_pro_fi__attr_cognitive_and_capability_pro_fi__fb691d067110,attr_cognitive_and_capability_pro__field_of_degree_science_and_engineering_flag_nsf_defin__d8da4e0445,attr_cognitive_and_capability_pro__field_of_degree_science_and_engineering_related_flag_n__cefae1a302,Field of Degree Science and Engineering Flag - NSF Definition,Field of Degree Science and Engineering Related Flag - NSF Definition,Cognitive & Capability Profile,Cognitive & Capability Profile,education language and field of training,education language and field of training,0.9221,0.9385,0.7094,embedding_candidate,needs_llm_adjudication,embedding_retrieval+step4_heuristic,possible_duplicate,0.9385,0.8982,related_but_distinct,keep_separate,none,0.85,"Both attributes relate to the field of degree in science and engineering but one is a direct flag and the other is a related flag, indicating related but distinct concepts rather than duplicates or aliases.",0.8708,openai,gpt-4.1-mini
pair_attr_life_context_and_constraints_fa__attr_life_context_and_constraints_re__8ea0232b377b,attr_life_context_and_constraints__father_s_occupational_prestige_score_1970__4f65483788,attr_life_context_and_constraints__respondent_s_occupational_prestige_score_1970__f5931facf3,father's occupational prestige score (1970),respondent's occupational prestige score(1970),Life Context & Constraints,Life Context & Constraints,life context and constraints,life context and constraints,0.8955,1.0,0.7094,embedding_candidate,needs_llm_adjudication,embedding_retrieval+step4_heuristic,possible_broader_narrower,1.0,0.8989,related_but_distinct,keep_separate,none,0.95,"Both attributes measure occupational prestige scores but for different individuals (father vs. respondent), making them related but distinct persona attributes.",0.9171,openai,gpt-4.1-mini
pair_attr_life_context_and_constraints_x__attr_life_context_and_constraints_x__fd415984c861,attr_life_context_and_constraints__x_should_be_admitted_to_be_hospitalized_for_treatment__450c911304,attr_life_context_and_constraints__x_should_be_admitted_to_be_hospitalized_for_treatment__9b8c94e13c,x should be admitted to be hospitalized for treatment if dangerous to others,x should be admitted to be hospitalized for treatment if dangerous to x,Life Context & Constraints,Life Context & Constraints,life context and constraints,life context and constraints,0.9145,0.9524,0.7094,embedding_candidate,needs_llm_adjudication,embedding_retrieval+step4_heuristic,possible_duplicate,0.9524,0.8975,conflicts_with,keep_separate,none,0.9,"The two attributes differ in the subject of danger: one concerns danger to others, the other danger to self. These are inverse/conflicting conditions and should not be merged.",0.8931,openai,gpt-4.1-mini
pair_attr_life_context_and_constraints_vo__attr_life_context_and_constraints_vo__9a298590d095,attr_life_context_and_constraints__vote_on_open_housing_law_no_volunteered_response_on_we__fcdc7cf4f4,attr_life_context_and_constraints__vote_on_open_housing_law_with_volunteered_response_on__34023b287e,vote on open housing law (no volunteered response on web),vote on open housing law (with volunteered response on web),Life Context & Constraints,Life Context & Constraints,life context and constraints,life context and constraints,0.9118,0.9483,0.7094,embedding_candidate,needs_llm_adjudication,embedding_retrieval+step4_heuristic,possible_duplicate,0.9483,0.895,related_but_distinct,keep_separate,none,0.9,"Both attributes measure voting on the same law but differ by inclusion of volunteered web responses, making them related but distinct.",0.8917,openai,gpt-4.1-mini
pair_attr_domain_specific_overlays_streng__attr_domain_specific_overlays_streng__06987c5e6ad2,attr_domain_specific_overlays__strength_of_affiliation_no_volunteered_response_on_web__bf4ad81f19,attr_domain_specific_overlays__strength_of_affiliation_with_volunteered_response_on_w__5d6b2c0cbf,strength of affiliation (no volunteered response on web),strength of affiliation (with volunteered response on web),Domain-Specific Overlays,Domain-Specific Overlays,uncategorized candidate,uncategorized candidate,0.9003,0.9474,0.7094,embedding_candidate,needs_llm_adjudication,embedding_retrieval+step4_heuristic,possible_duplicate,0.9474,0.8884,related_but_distinct,keep_separate,none,0.9,"Both attributes measure strength of affiliation but differ by inclusion of volunteered response, making them related but distinct constructs.",0.8881,openai,gpt-4.1-mini
pair_attr_narrative_identity_and_life_per__attr_narrative_identity_and_life_per__8b33314963f3,attr_narrative_identity_and_life__percent_of_people_who_shopped_at_the_supermarket_durin__2e31058e42,attr_narrative_identity_and_life__percent_of_people_who_shopped_at_the_supermarket_durin__45e73d5ef4,percent of people who shopped at the supermarket during childhood who were some,percent of people who shopped at the supermarket during childhood who were white,Narrative Identity & Life History,Narrative Identity & Life History,narrative identity and life history,narrative identity and life history,0.8948,0.956,0.7094,embedding_candidate,needs_llm_adjudication,embedding_retrieval+step4_heuristic,possible_duplicate,0.956,0.8876,related_but_distinct,keep_separate,none,0.9,Attribute A is a general group (some) while Attribute B specifies a subgroup (white); they are related but distinct and should not be merged.,0.8878,openai,gpt-4.1-mini
pair_attr_narrative_identity_and_life_per__attr_narrative_identity_and_life_per__1ca255bbc90c,attr_narrative_identity_and_life__percent_of_people_who_shopped_at_the_supermarket_durin__3d9e4b77d5,attr_narrative_identity_and_life__percent_of_people_who_shopped_at_the_supermarket_durin__fb8aaad2ce,percent of people who shopped at the supermarket during childhood who were asian,percent of people who shopped at the supermarket during childhood who were black,Narrative Identity & Life History,Narrative Identity & Life History,narrative identity and life history,narrative identity and life history,0.8947,0.95,0.7094,embedding_candidate,needs_llm_adjudication,embedding_retrieval+step4_heuristic,possible_duplicate,0.95,0.886,related_but_distinct,keep_separate,none,0.95,"Attributes measure similar behaviors but for different racial groups, thus related but distinct and should be kept separate.",0.9093,openai,gpt-4.1-mini
pair_attr_demographics_and_population_did__attr_demographics_and_population_did__5fe9b5d086de,attr_demographics_and_population__did_partner_work_outside_home_after_child_started_scho__afb6fb9931,attr_demographics_and_population__did_r_work_outside_home_after_child_started_school__3419750b85,did partner work outside home after child started school,did r work outside home after child started school,Demographics & Population Grounding,Demographics & Population Grounding,demographic variables,demographic variables,0.8979,0.9434,0.7094,embedding_candidate,needs_llm_adjudication,embedding_retrieval+step4_heuristic,possible_duplicate,0.9434,0.8861,alias_of,merge,symmetric,0.95,"Both attributes refer to the same concept of whether the partner (r) worked outside the home after the child started school, differing only in label wording.",0.9093,openai,gpt-4.1-mini
pair_attr_domain_specific_overlays_feelin__attr_domain_specific_overlays_feelin__1e5d9fe215fa,attr_domain_specific_overlays__feelings_about_the_bible_no_volunteered_response_on_we__b0021cca79,attr_domain_specific_overlays__feelings_about_the_bible_with_volunteered_response_on__7b58179870,feelings about the bible (no volunteered response on web),feelings about the bible (with volunteered response on web),Domain-Specific Overlays,Domain-Specific Overlays,uncategorized candidate,uncategorized candidate,0.8936,0.9483,0.7094,embedding_candidate,needs_llm_adjudication,embedding_retrieval+step4_heuristic,possible_duplicate,0.9483,0.885,related_but_distinct,keep_separate,none,0.9,"Both attributes measure feelings about the Bible but differ by inclusion of volunteered responses, indicating related but distinct constructs rather than duplicates or aliases.",0.8863,openai,gpt-4.1-mini
pair_attr_narrative_identity_and_life_per__attr_narrative_identity_and_life_per__7a72e49ee9cd,attr_narrative_identity_and_life__percent_of_people_who_shopped_at_the_supermarket_durin__2e31058e42,attr_narrative_identity_and_life__percent_of_people_who_shopped_at_the_supermarket_durin__3d9e4b77d5,percent of people who shopped at the supermarket during childhood who were some,percent of people who shopped at the supermarket during childhood who were asian,Narrative Identity & Life History,Narrative Identity & Life History,narrative identity and life history,narrative identity and life history,0.8925,0.956,0.7094,embedding_candidate,needs_llm_adjudication,embedding_retrieval+step4_heuristic,possible_duplicate,0.956,0.8863,not_related,keep_separate,none,0.95,"Attribute A refers to a general group 'some' people who shopped at the supermarket during childhood, while Attribute B specifies 'Asian' people, a distinct subgroup. They are related but distinct demographic attributes, not duplicates or aliases.",0.9096,openai,gpt-4.1-mini
pair_attr_life_context_and_constraints_wh__attr_life_context_and_constraints_wh__89ef9828f60d,attr_life_context_and_constraints__who_r_thinks_should_be_most_responsible_for_cost_of_xs__b6cae17ae0,attr_life_context_and_constraints__who_r_thinks_should_be_next_most_responsible_for_cost__3c8d8f893e,who r thinks should be most responsible for cost of xs medical care,who r thinks should be next most responsible for cost of xs medical care,Life Context & Constraints,Life Context & Constraints,life context and constraints,life context and constraints,0.8931,0.964,0.7094,embedding_candidate,needs_llm_adjudication,embedding_retrieval+step4_heuristic,possible_duplicate,0.964,0.8886,related_but_distinct,keep_separate,none,0.95,"Attributes differ by responsibility order (most vs next most), indicating related but distinct roles rather than duplicates or aliases.",0.911,openai,gpt-4.1-mini
pair_attr_narrative_identity_and_life_per__attr_narrative_identity_and_life_per__51d7f4dd2ab4,attr_narrative_identity_and_life__percent_of_people_who_shopped_at_the_supermarket_durin__2e31058e42,attr_narrative_identity_and_life__percent_of_people_who_shopped_at_the_supermarket_durin__fb8aaad2ce,percent of people who shopped at the supermarket during childhood who were some,percent of people who shopped at the supermarket during childhood who were black,Narrative Identity & Life History,Narrative Identity & Life History,narrative identity and life history,narrative identity and life history,0.8996,0.9434,0.7094,embedding_candidate,needs_llm_adjudication,embedding_retrieval+step4_heuristic,possible_duplicate,0.9434,0.887,not_related,keep_separate,none,0.95,"Attribute A refers to a general group 'some' who shopped at the supermarket during childhood, while Attribute B specifies the subgroup 'black' within that group. They are related but distinct demographic attributes, not duplicates or aliases.",0.9098,openai,gpt-4.1-mini
pair_attr_narrative_identity_and_life_per__attr_narrative_identity_and_life_per__afca2bb2b91e,attr_narrative_identity_and_life__percent_of_people_who_shopped_at_the_supermarket_durin__45e73d5ef4,attr_narrative_identity_and_life__percent_of_people_who_shopped_at_the_supermarket_durin__fb8aaad2ce,percent of people who shopped at the supermarket during childhood who were white,percent of people who shopped at the supermarket during childhood who were black,Narrative Identity & Life History,Narrative Identity & Life History,narrative identity and life history,narrative identity and life history,0.897,0.9375,0.7094,embedding_candidate,needs_llm_adjudication,embedding_retrieval+step4_heuristic,possible_duplicate,0.9375,0.8841,inverse_pole,keep_separate,symmetric,0.95,"Attributes represent complementary racial categories (white vs black) within the same context, making them inverse poles rather than duplicates or aliases.",0.9082,openai,gpt-4.1-mini
pair_attr_domain_specific_overlays_divorc__attr_domain_specific_overlays_divorc__5ea177b5bd9d,attr_domain_specific_overlays__divorce_laws_no_volunteered_response_on_web__046c131099,attr_domain_specific_overlays__divorce_laws_with_volunteered_response_on_web__373bfcb145,divorce laws (no volunteered response on web),divorce laws (with volunteered response on web),Domain-Specific Overlays,Domain-Specific Overlays,uncategorized candidate,uncategorized candidate,0.8961,0.9348,0.7094,embedding_candidate,needs_llm_adjudication,embedding_retrieval+step4_heuristic,possible_duplicate,0.9348,0.883,related_but_distinct,keep_separate,none,0.9,"Both attributes concern divorce laws but differ by response type (no volunteered response vs. with volunteered response), indicating related but distinct data collection methods rather than duplicates or aliases.",0.885,openai,gpt-4.1-mini
pair_attr_life_context_and_constraints_re__attr_life_context_and_constraints_sp__ce4471ebe2d6,attr_life_context_and_constraints__respondent_s_industry_code_1970__e18a463178,attr_life_context_and_constraints__spouse_s_industry_code_1970__b3f3e9ebf6,respondent's industry code (1970),spouse's industry code (1970),Life Context & Constraints,Life Context & Constraints,life context and constraints,life context and constraints,0.8633,1.0,0.7094,embedding_candidate,needs_llm_adjudication,embedding_retrieval+step4_heuristic,possible_broader_narrower,1.0,0.8812,related_but_distinct,keep_separate,none,0.95,"Both attributes refer to industry codes from 1970 but for different individuals (respondent vs spouse), making them related but distinct persona attributes.",0.9074,openai,gpt-4.1-mini
pair_attr_life_context_and_constraints_al__attr_life_context_and_constraints_pu__acf8f628b2ab,attr_life_context_and_constraints__all_other_income_past_12_months_use_adjinc_to_adjust_t__fe9838cdd0,attr_life_context_and_constraints__public_assistance_income_past_12_months_use_adjinc_to__fe297feec8,All other income past 12 months (use ADJINC to adjust to constant dollars),Public assistance income past 12 months (use ADJINC to adjust to constant dollars),Life Context & Constraints,Life Context & Constraints,poverty public assistance and retirement income,poverty public assistance and retirement income,0.9159,0.8846,0.7094,embedding_candidate,needs_llm_adjudication,embedding_retrieval+step4_heuristic,possible_related_or_correlated,0.75,0.8813,related_but_distinct,keep_separate,none,0.95,"Both attributes relate to income in the past 12 months adjusted by ADJINC, but one is 'All other income' and the other is specifically 'Public assistance income', indicating related but distinct constructs.",0.9059,openai,gpt-4.1-mini
pair_attr_narrative_identity_and_life_per__attr_narrative_identity_and_life_per__d6edc985072f,attr_narrative_identity_and_life__percent_of_people_who_shopped_at_the_supermarket_durin__3d9e4b77d5,attr_narrative_identity_and_life__percent_of_people_who_shopped_at_the_supermarket_durin__45e73d5ef4,percent of people who shopped at the supermarket during childhood who were asian,percent of people who shopped at the supermarket during childhood who were white,Narrative Identity & Life History,Narrative Identity & Life History,narrative identity and life history,narrative identity and life history,0.89,0.95,0.7094,embedding_candidate,needs_llm_adjudication,embedding_retrieval+step4_heuristic,possible_duplicate,0.95,0.8834,inverse_pole,keep_separate,symmetric,0.95,"Attributes represent complementary demographic groups (Asian vs White) within the same context, making them inverse poles rather than duplicates or aliases.",0.9079,openai,gpt-4.1-mini
pair_attr_life_context_and_constraints_al__attr_life_context_and_constraints_re__6fd0f9dca9f5,attr_life_context_and_constraints__all_other_income_past_12_months_use_adjinc_to_adjust_t__fe9838cdd0,attr_life_context_and_constraints__retirement_income_past_12_months_use_adjinc_to_adjust__1fca0ceb6f,All other income past 12 months (use ADJINC to adjust to constant dollars),Retirement income past 12 months (use ADJINC to adjust to constant dollars),Life Context & Constraints,Life Context & Constraints,poverty public assistance and retirement income,poverty public assistance and retirement income,0.9188,0.8859,0.7094,embedding_candidate,needs_llm_adjudication,embedding_retrieval+step4_heuristic,possible_related_or_correlated,0.8182,0.8832,related_but_distinct,keep_separate,none,0.95,"Both attributes relate to income in the past 12 months but represent different income sources (all other income vs. retirement income), so they are related but distinct and should not be merged.",0.907,openai,gpt-4.1-mini
pair_attr_behavioral_patterns_and_pref_r__attr_behavioral_patterns_and_pref_r__4dd22491c983,attr_behavioral_patterns_and_pref__r_send_or_receive_to_or_from_family_members_at__484d296afd,attr_behavioral_patterns_and_pref__r_send_or_receive_to_or_from_other_family_members__aed5f63ddc,r send or receive to or from family members at,r send or receive to or from other family members,Behavioral Patterns & Preferences,Behavioral Patterns & Preferences,behavioral patterns and preferences,behavioral patterns and preferences,0.9038,0.9053,0.7094,embedding_candidate,needs_llm_adjudication,embedding_retrieval+step4_heuristic,possible_related_or_correlated,0.8,0.8798,alias_of,merge,symmetric,0.95,"Both attributes describe the same behavior of sending or receiving to/from family members, with 'other family members' being a likely restatement or alias of 'family members' in this context.",0.9054,openai,gpt-4.1-mini
pair_attr_life_context_and_constraints_to__attr_life_context_and_constraints_to__ebb84a073224,attr_life_context_and_constraints__total_person_s_earnings_use_adjinc_to_adjust_to_consta__156774fc0f,attr_life_context_and_constraints__total_person_s_income_use_adjinc_to_adjust_to_constant__9289ef986d,Total person's earnings (use ADJINC to adjust to constant dollars),Total person's income (use ADJINC to adjust to constant dollars),Life Context & Constraints,Life Context & Constraints,employment work hours occupation industry and income,employment work hours occupation industry and income,0.8969,0.9231,0.7094,embedding_candidate,needs_llm_adjudication,embedding_retrieval+step4_heuristic,possible_duplicate,0.9231,0.8805,alias_of,merge,symmetric,0.95,"The attributes differ only in wording 'earnings' vs 'income' but both refer to total personal monetary amount adjusted by ADJINC, indicating they are aliases.",0.906,openai,gpt-4.1-mini
pair_attr_life_context_and_constraints_x__attr_life_context_and_constraints_x__e46f120bd221,attr_life_context_and_constraints__x_family_should_be_ashamed_to_receive_govt_assistance__1639fcfa1f,attr_life_context_and_constraints__x_should_be_ashamed_to_receive_govt_assistance__f2b494ef6d,x family should be ashamed to receive govt assistance,x should be ashamed to receive govt assistance,Life Context & Constraints,Life Context & Constraints,life context and constraints,life context and constraints,0.8915,0.9293,0.7094,embedding_candidate,needs_llm_adjudication,embedding_retrieval+step4_heuristic,possible_duplicate,0.9293,0.8791,alias_of,merge,symmetric,0.95,Both attributes express the same concept with minor lexical variation; one includes 'family' explicitly but the meaning is equivalent.,0.9053,openai,gpt-4.1-mini
pair_attr_demographics_and_population_is__attr_demographics_and_population_is__70b5e19d43fb,attr_demographics_and_population__is_r_us_citizen_no_volunteered_response_on_web__3320a635de,attr_demographics_and_population__is_r_us_citizen_with_volunteered_response_on_web__6d66b450bc,is r us citizen (no volunteered response on web),is r us citizen (with volunteered response on web),Demographics & Population Grounding,Demographics & Population Grounding,demographic variables,demographic variables,0.8857,0.9388,0.7094,embedding_candidate,needs_llm_adjudication,embedding_retrieval+step4_heuristic,possible_duplicate,0.9388,0.8782,related_but_distinct,keep_separate,none,0.9,"Both attributes measure US citizenship status but differ by inclusion of volunteered response on web, indicating related but distinct data collection methods.",0.8825,openai,gpt-4.1-mini
pair_attr_narrative_identity_and_life_per__attr_narrative_identity_and_life_per__db3381a22ecc,attr_narrative_identity_and_life__percent_of_people_who_shopped_at_the_supermarket_durin__f14635a675,attr_narrative_identity_and_life__percent_of_people_who_shopped_at_the_supermarket_durin__fb8aaad2ce,percent of people who shopped at the supermarket during childhood who were latin,percent of people who shopped at the supermarket during childhood who were black,Narrative Identity & Life History,Narrative Identity & Life History,narrative identity and life history,narrative identity and life history,0.876,0.9625,0.7094,embedding_candidate,needs_llm_adjudication,embedding_retrieval+step4_heuristic,possible_duplicate,0.9625,0.8788,not_related,keep_separate,none,0.95,"Attributes measure percentages of different racial groups (Latin vs Black) who shopped at the supermarket during childhood; they are distinct demographic attributes, not duplicates or aliases.",0.9056,openai,gpt-4.1-mini
pair_attr_cognitive_and_capability_pro_re__attr_cognitive_and_capability_pro_sp__bc919c6df553,attr_cognitive_and_capability_pro__respondent_s_highest_degree__35ce2ba9d9,attr_cognitive_and_capability_pro__spouse_s_highest_degree__325442991a,respondent's highest degree,spouse's highest degree,Cognitive & Capability Profile,Cognitive & Capability Profile,cognitive and capability profile,cognitive and capability profile,0.8507,1.0,0.7094,embedding_candidate,needs_llm_adjudication,embedding_retrieval+step4_heuristic,possible_broader_narrower,1.0,0.8743,related_but_distinct,keep_separate,none,0.95,"Attributes refer to highest degree of different individuals (respondent vs spouse), thus related but distinct and should be kept separate.",0.9036,openai,gpt-4.1-mini
pair_attr_life_context_and_constraints_go__attr_life_context_and_constraints_go__87285172e9c8,attr_life_context_and_constraints__government_should_verify_financial_assets__e6edad635e,attr_life_context_and_constraints__government_should_verify_spouse_s_financial_assets__c1b2b5d69d,government should verify financial assets,government should verify spouse's financial assets,Life Context & Constraints,Life Context & Constraints,life context and constraints,life context and constraints,0.9009,0.9011,0.7094,embedding_candidate,needs_llm_adjudication,embedding_retrieval+step4_heuristic,possible_related_or_correlated,0.8333,0.8772,related_but_distinct,keep_separate,none,0.9,"Attributes differ in scope: one refers to verifying individual's financial assets, the other specifically spouse's assets; related but distinct aspects of life context.",0.8814,openai,gpt-4.1-mini
pair_attr_narrative_identity_and_life_per__attr_narrative_identity_and_life_per__afa4f139e614,attr_narrative_identity_and_life__percent_of_people_who_shopped_at_the_supermarket_durin__3d9e4b77d5,attr_narrative_identity_and_life__percent_of_people_who_shopped_at_the_supermarket_durin__f14635a675,percent of people who shopped at the supermarket during childhood who were asian,percent of people who shopped at the supermarket during childhood who were latin,Narrative Identity & Life History,Narrative Identity & Life History,narrative identity and life history,narrative identity and life history,0.8691,0.975,0.7094,embedding_candidate,needs_llm_adjudication,embedding_retrieval+step4_heuristic,possible_duplicate,0.975,0.8782,not_related,keep_separate,none,0.95,"Attributes describe percentages of different ethnic groups (Asian vs Latin) who shopped at the supermarket during childhood; they are distinct demographic variables, not duplicates or aliases.",0.9054,openai,gpt-4.1-mini
pair_attr_life_context_and_constraints_mi__attr_life_context_and_constraints_pl__d2472ad72eff,attr_life_context_and_constraints__migration_puma_based_on_2020_census_definition__7f04c96215,attr_life_context_and_constraints__place_of_work_puma_based_on_2020_census_definition__4bdfd17199,Migration PUMA based on 2020 Census definition,Place of work PUMA based on 2020 Census definition,Life Context & Constraints,Life Context & Constraints,migration military and place of work,migration military and place of work,0.9366,0.8125,0.7094,embedding_candidate,needs_llm_adjudication,embedding_retrieval+step4_heuristic,possible_related_or_correlated,0.7143,0.8747,related_but_distinct,keep_separate,none,0.95,Migration PUMA and Place of work PUMA are related geographic attributes within the same subcategory but represent distinct concepts and are not duplicates or aliases.,0.9013,openai,gpt-4.1-mini
pair_attr_life_context_and_constraints_fa__attr_life_context_and_constraints_re__82ba6b31430d,attr_life_context_and_constraints__father_s_industry_code_1970__0fdfc46a8a,attr_life_context_and_constraints__respondent_s_industry_code_1970__e18a463178,father's industry code (1970),respondent's industry code (1970),Life Context & Constraints,Life Context & Constraints,life context and constraints,life context and constraints,0.85,1.0,0.7094,embedding_candidate,needs_llm_adjudication,embedding_retrieval+step4_heuristic,possible_broader_narrower,1.0,0.8739,related_but_distinct,keep_separate,none,0.9,"Both attributes refer to industry codes from 1970 but for different individuals (father vs respondent), making them related but distinct persona attributes.",0.8809,openai,gpt-4.1-mini
pair_attr_demographics_and_population_did__attr_demographics_and_population_did__7af958b80192,attr_demographics_and_population__did_partner_work_outside_home_with_child_under_school__6d80d8d254,attr_demographics_and_population__did_r_work_outside_home_with_child_under_school_age__1f31c9c8e4,did partner work outside home with child under school age,did r work outside home with child under school age,Demographics & Population Grounding,Demographics & Population Grounding,demographic variables,demographic variables,0.8753,0.9444,0.7094,embedding_candidate,needs_llm_adjudication,embedding_retrieval+step4_heuristic,possible_duplicate,0.9444,0.8739,alias_of,merge,symmetric,0.95,"Both attributes refer to the same concept of whether the partner (did) or respondent (r) worked outside home with a child under school age, differing only in label but semantically equivalent.",0.9027,openai,gpt-4.1-mini
pair_attr_narrative_identity_and_life_per__attr_narrative_identity_and_life_per__c2cdb961db10,attr_narrative_identity_and_life__percent_of_people_who_shopped_at_the_supermarket_durin__45e73d5ef4,attr_narrative_identity_and_life__percent_of_people_who_shopped_at_the_supermarket_durin__f14635a675,percent of people who shopped at the supermarket during childhood who were white,percent of people who shopped at the supermarket during childhood who were latin,Narrative Identity & Life History,Narrative Identity & Life History,narrative identity and life history,narrative identity and life history,0.8713,0.95,0.7094,embedding_candidate,needs_llm_adjudication,embedding_retrieval+step4_heuristic,possible_duplicate,0.95,0.8731,related_but_distinct,keep_separate,none,0.95,"Attributes measure similar behaviors but for different racial groups, thus related but distinct and should be kept separate.",0.9023,openai,gpt-4.1-mini
pair_attr_life_context_and_constraints_ho__attr_life_context_and_constraints_x__e08ec8342249,attr_life_context_and_constraints__how_likely_x_is_experiencing_normal_ups_and_downs_of_l__3e43fd541c,attr_life_context_and_constraints__x_is_experiencing_normal_ups_and_downs_of_life__b630ffe333,how likely x is experiencing normal ups-and-downs of life,x is experiencing normal ups-and-downs of life,Life Context & Constraints,Life Context & Constraints,life context and constraints,life context and constraints,0.8885,0.8932,0.7094,embedding_candidate,needs_llm_adjudication,embedding_retrieval+step4_heuristic,possible_related_or_correlated,0.8333,0.8684,alias_of,merge,symmetric,0.95,Both attributes describe the same concept of experiencing normal ups-and-downs of life with only minor lexical differences.,0.899,openai,gpt-4.1-mini
pair_attr_narrative_identity_and_life_per__attr_narrative_identity_and_life_per__8269df4df2de,attr_narrative_identity_and_life__percent_of_people_who_shopped_at_the_supermarket_durin__2e31058e42,attr_narrative_identity_and_life__percent_of_people_who_shopped_at_the_supermarket_durin__f14635a675,percent of people who shopped at the supermarket during childhood who were some,percent of people who shopped at the supermarket during childhood who were latin,Narrative Identity & Life History,Narrative Identity & Life History,narrative identity and life history,narrative identity and life history,0.8738,0.9434,0.7094,embedding_candidate,needs_llm_adjudication,embedding_retrieval+step4_heuristic,possible_duplicate,0.9434,0.8729,related_but_distinct,keep_separate,none,0.9,"Both attributes measure percent of people who shopped at the supermarket during childhood but differ by subgroup (some vs latin), indicating related but distinct persona attributes.",0.8796,openai,gpt-4.1-mini
pair_attr_life_context_and_constraints_re__attr_life_context_and_constraints_re__38b24822234d,attr_life_context_and_constraints__respondent_s_father_s_occupation_2010_census_and_2008__3355c5f482,attr_life_context_and_constraints__respondent_s_spouse_s_occupation_2010_census_and_2008__a5f44acc0d,"respondent's father's occupation, 2010 census & 2008 isco code","respondent's spouse's occupation, 2010 census & 2008 isco code",Life Context & Constraints,Life Context & Constraints,life context and constraints,life context and constraints,0.8764,0.9194,0.7094,embedding_candidate,needs_llm_adjudication,embedding_retrieval+step4_heuristic,possible_related_or_correlated,0.75,0.8683,related_but_distinct,keep_separate,none,0.95,Attributes refer to different family members' occupations; related context but distinct attributes.,0.8993,openai,gpt-4.1-mini
pair_attr_worldview_beliefs_and_attitu_ex__attr_worldview_beliefs_and_attitu_ex__f6955c09a788,attr_worldview_beliefs_and_attitu__expect_us_in_world_war_in_next_10_years_no_volunteered__984b55cd46,attr_worldview_beliefs_and_attitu__expect_us_in_world_war_in_next_10_years_volunteered_re__f224588b5d,expect us in world war in next 10 years (no volunteered response on web),expect us in world war in next 10 years (volunteered response on web),"Worldview, Beliefs & Attitudes","Worldview, Beliefs & Attitudes",worldview beliefs and attitudes,worldview beliefs and attitudes,0.9396,0.9787,0.7094,embedding_candidate,needs_llm_adjudication,embedding_retrieval,,,0.8679,related_but_distinct,keep_separate,none,0.9,"Both attributes measure expectation of world war in next 10 years but differ by response type (no volunteered vs volunteered), indicating related but distinct constructs.",0.9046,openai,gpt-4.1-mini
pair_attr_life_context_and_constraints_ru__attr_life_context_and_constraints_ru__2ad57a65f7d4,attr_life_context_and_constraints__run_out_of_time_before_getting_things_done_at_home__d66546e708,attr_life_context_and_constraints__run_out_of_time_before_getting_things_done_at_work__87f1cd167c,run out of time before getting things done at home,run out of time before getting things done at work,Life Context & Constraints,Life Context & Constraints,life context and constraints,life context and constraints,0.8661,0.94,0.7094,embedding_candidate,needs_llm_adjudication,embedding_retrieval+step4_heuristic,possible_duplicate,0.94,0.8678,related_but_distinct,keep_separate,none,0.95,"Attributes describe similar constraints but in different contexts (home vs work), so they are related but distinct and should not be merged.",0.8993,openai,gpt-4.1-mini
pair_attr_life_context_and_constraints_su__attr_life_context_and_constraints_su__9ebabdd5acbc,attr_life_context_and_constraints__subjective_class_identification_2021__1207c0c0fd,attr_life_context_and_constraints__subjective_class_identification__ea33382c54,subjective class identification (2021),subjective class identification,Life Context & Constraints,Life Context & Constraints,life context and constraints,life context and constraints,0.8487,1.0,0.7094,embedding_candidate,needs_llm_adjudication,embedding_retrieval+step4_heuristic,possible_broader_narrower,1.0,0.8732,alias_of,merge,symmetric,0.95,"Both attributes represent the same concept 'subjective class identification', with one including a year suffix (2021) indicating a version or time-specific variant, effectively aliases.",0.9031,openai,gpt-4.1-mini
pair_attr_domain_specific_overlays_rate_o__attr_domain_specific_overlays_rate_o__65a707fb0753,attr_domain_specific_overlays__rate_of_ba_degree_earning_at_college_partner_attended__e97b969810,attr_domain_specific_overlays__rate_of_ba_degree_earning_in_college_respondent_attend__654a86cdd2,rate of ba degree earning at college partner attended,rate of ba degree earning in college respondent attended,Domain-Specific Overlays,Domain-Specific Overlays,uncategorized candidate,uncategorized candidate,0.9073,0.8571,0.7094,embedding_candidate,needs_llm_adjudication,embedding_retrieval+step4_heuristic,possible_related_or_correlated,0.8571,0.8697,alias_of,merge,symmetric,0.95,"Both attributes describe the same concept: the rate of BA degree earning at the college the respondent attended, differing only slightly in wording without changing meaning.",0.8992,openai,gpt-4.1-mini
pair_attr_personality_traits_get_upset_wh__attr_personality_traits_get_upset_wh__19d8ba326b07,attr_personality_traits__get_upset_when_others_don_t_notice_how_i_look__e4f9e37b92,attr_personality_traits__get_upset_when_others_notice_how_i_look__6025024a74,Get upset when others don't notice how I look.,Get upset when others notice how I look.,Personality Traits,Personality Traits,ipip personality items,ipip personality items,0.8677,0.9302,0.7094,embedding_candidate,needs_llm_adjudication,embedding_retrieval+step4_heuristic,possible_duplicate,0.9302,0.8662,conflicts_with,keep_separate,symmetric,0.9,"The two attributes describe opposite reactions to others noticing or not noticing appearance, thus they conflict and should be kept separate.",0.8758,openai,gpt-4.1-mini
pair_attr_domain_specific_overlays_has_ai__attr_domain_specific_overlays_has_ai__83c239f2b3a9,attr_domain_specific_overlays__has_aids_victim_2nd_closest_to_r_died__752106244e,attr_domain_specific_overlays__has_aids_victim_closest_to_r_died__03a3f52cfd,has aids victim 2nd closest to r died,has aids victim closest to r died,Domain-Specific Overlays,Domain-Specific Overlays,uncategorized candidate,uncategorized candidate,0.8619,0.9429,0.7094,embedding_candidate,needs_llm_adjudication,embedding_retrieval+step4_heuristic,possible_duplicate,0.9429,0.8662,related_but_distinct,keep_separate,none,0.9,"Attributes differ by proximity ranking (closest vs 2nd closest), indicating related but distinct persona attributes rather than duplicates or aliases.",0.8759,openai,gpt-4.1-mini
pair_attr_domain_specific_overlays_has_ai__attr_domain_specific_overlays_has_ai__8840262fec05,attr_domain_specific_overlays__has_aids_victim_3rd_closest_to_r_died__87dac4b0d5,attr_domain_specific_overlays__has_aids_victim_closest_to_r_died__03a3f52cfd,has aids victim 3rd closest to r died,has aids victim closest to r died,Domain-Specific Overlays,Domain-Specific Overlays,uncategorized candidate,uncategorized candidate,0.8593,0.9429,0.7094,embedding_candidate,needs_llm_adjudication,embedding_retrieval+step4_heuristic,possible_duplicate,0.9429,0.8648,broader_than,keep_separate,B_to_A,0.85,"Attribute B ('closest to r died') is a narrower, more specific case than Attribute A ('3rd closest to r died'), so they are hierarchical variants but not duplicates.",0.8527,openai,gpt-4.1-mini
pair_attr_personality_traits_am_considere__attr_personality_traits_am_not_consi__baaf8b424964,attr_personality_traits__am_considered_attractive_by_others__a06431195f,attr_personality_traits__am_not_considered_attractive_by_others__4ff17451bd,Am considered attractive by others.,Am not considered attractive by others.,Personality Traits,Personality Traits,ipip personality items,ipip personality items,0.8606,0.9459,0.7094,embedding_candidate,needs_llm_adjudication,embedding_retrieval+step4_heuristic,possible_duplicate,0.9459,0.8662,inverse_pole,keep_separate,symmetric,0.95,"The attributes are direct opposites (considered attractive vs. not considered attractive), representing inverse poles rather than duplicates or aliases.",0.8985,openai,gpt-4.1-mini
pair_attr_life_context_and_constraints_ho__attr_life_context_and_constraints_ho__41efa588af76,attr_life_context_and_constraints__how_many_years_r_born_a_member_of_youth_groups2__973c5ce62d,attr_life_context_and_constraints__how_many_years_r_born_a_member_of_youth_groups3__909a069379,how many years r born a member of youth groups2,how many years r born a member of youth groups3,Life Context & Constraints,Life Context & Constraints,life context and constraints,life context and constraints,0.9672,0.9787,0.7094,embedding_candidate,needs_llm_adjudication,embedding_retrieval+step4_heuristic,possible_duplicate,0.9787,0.933,alias_of,merge,symmetric,0.95,"The two attributes differ only by a trailing digit and have very high lexical and embedding similarity, indicating they are aliases or duplicates.",0.9354,openai,gpt-4.1-mini
pair_attr_life_context_and_constraints_ho__attr_life_context_and_constraints_ho__850e50c98d7f,attr_life_context_and_constraints__how_many_years_r_born_a_member_of_professional_society__01ebf4a3bd,attr_life_context_and_constraints__how_many_years_r_born_a_member_of_professional_society__608868606e,how many years r born a member of professional society1,how many years r born a member of professional society2,Life Context & Constraints,Life Context & Constraints,life context and constraints,life context and constraints,0.9646,0.9818,0.7094,embedding_candidate,needs_llm_adjudication,embedding_retrieval+step4_heuristic,possible_duplicate,0.9818,0.9324,duplicate_of,merge,symmetric,0.95,"The two attributes have nearly identical labels, categories, subcategories, and definitions, differing only by a trailing digit, indicating they are duplicates.",0.9351,openai,gpt-4.1-mini
pair_attr_life_context_and_constraints_ho__attr_life_context_and_constraints_ho__05e468b24638,attr_life_context_and_constraints__how_many_years_r_born_a_member_of_farm_organization1__347d5dcf2f,attr_life_context_and_constraints__how_many_years_r_born_a_member_of_farm_organization2__41a1a2e70e,how many years r born a member of farm organization1,how many years r born a member of farm organization2,Life Context & Constraints,Life Context & Constraints,life context and constraints,life context and constraints,0.9736,0.9808,0.7094,embedding_candidate,needs_llm_adjudication,embedding_retrieval+step4_heuristic,possible_duplicate,0.9808,0.9371,alias_of,merge,symmetric,0.95,"The two attributes differ only by a trailing digit and have nearly identical labels, categories, subcategories, and definitions, indicating they are aliases.",0.9376,openai,gpt-4.1-mini
pair_attr_life_context_and_constraints_ho__attr_life_context_and_constraints_ho__b1776a9d8170,attr_life_context_and_constraints__how_many_years_r_been_a_member_of_veteran_groups1__4c6e3efcd1,attr_life_context_and_constraints__how_many_years_r_been_a_member_of_veteran_groups3__9007af9518,how many years r been a member of veteran groups1,how many years r been a member of veteran groups3,Life Context & Constraints,Life Context & Constraints,life context and constraints,life context and constraints,0.9692,0.9796,0.7094,embedding_candidate,needs_llm_adjudication,embedding_retrieval+step4_heuristic,possible_duplicate,0.9796,0.9344,duplicate_of,merge,symmetric,0.95,"Both attributes have nearly identical labels and definitions differing only by a trailing digit, indicating they represent the same persona attribute.",0.9361,openai,gpt-4.1-mini
pair_attr_life_context_and_constraints_ho__attr_life_context_and_constraints_ho__414ca1e912b7,attr_life_context_and_constraints__how_many_years_r_born_a_member_of_school_fraternity1__132b338949,attr_life_context_and_constraints__how_many_years_r_born_a_member_of_school_fraternity2__9cfcae3a23,how many years r born a member of school fraternity1,how many years r born a member of school fraternity2,Life Context & Constraints,Life Context & Constraints,life context and constraints,life context and constraints,0.9734,0.9808,0.7094,embedding_candidate,needs_llm_adjudication,embedding_retrieval+step4_heuristic,possible_duplicate,0.9808,0.937,alias_of,merge,symmetric,0.95,"The two attributes differ only by a trailing digit and have nearly identical labels, categories, subcategories, and definitions, indicating they are aliases.",0.9376,openai,gpt-4.1-mini
pair_attr_life_context_and_constraints_ho__attr_life_context_and_constraints_ho__270fe291f58e,attr_life_context_and_constraints__how_many_years_r_born_a_member_of_youth_groups1__e0b21d60d6,attr_life_context_and_constraints__how_many_years_r_born_a_member_of_youth_groups2__973c5ce62d,how many years r born a member of youth groups1,how many years r born a member of youth groups2,Life Context & Constraints,Life Context & Constraints,life context and constraints,life context and constraints,0.9698,0.9787,0.7094,embedding_candidate,needs_llm_adjudication,embedding_retrieval+step4_heuristic,possible_duplicate,0.9787,0.9345,alias_of,merge,symmetric,0.95,"The two attributes differ only by a trailing digit and have very high lexical and embedding similarity, indicating they are aliases or duplicates.",0.9362,openai,gpt-4.1-mini
pair_attr_life_context_and_constraints_sp__attr_life_context_and_constraints_sp__fe95e678d92c,attr_life_context_and_constraints__spouse_s_occupational_prestige_score_1970__738caadc9c,attr_life_context_and_constraints__spouse_s_occupational_prestige_score_1980__302b92390a,spouse's occupational prestige score (1970),spouse's occupational prestige score (1980),Life Context & Constraints,Life Context & Constraints,life context and constraints,life context and constraints,0.9671,0.9767,0.7094,embedding_candidate,needs_llm_adjudication,embedding_retrieval+step4_heuristic,possible_duplicate,0.9767,0.9325,related_but_distinct,keep_separate,none,0.95,"Attributes differ by year (1970 vs 1980), representing distinct temporal data points rather than duplicates or aliases.",0.9351,openai,gpt-4.1-mini
pair_attr_cognitive_and_capability_pro_no__attr_cognitive_and_capability_pro_no__bf979e55e85c,attr_cognitive_and_capability_pro__non_college_postsecondary_education_voednme1__550646f506,attr_cognitive_and_capability_pro__non_college_postsecondary_education_voednme2__a75ad37222,non-college postsecondary education (voednme1),non-college postsecondary education (voednme2),Cognitive & Capability Profile,Cognitive & Capability Profile,cognitive and capability profile,cognitive and capability profile,0.9831,0.9783,0.7094,embedding_candidate,needs_llm_adjudication,embedding_retrieval+step4_heuristic,possible_duplicate,0.9783,0.9417,alias_of,merge,symmetric,0.95,"Both attributes represent the same concept of non-college postsecondary education from the same source with only version differences, indicating they are aliases.",0.9401,openai,gpt-4.1-mini
pair_attr_life_context_and_constraints_ho__attr_life_context_and_constraints_ho__727088724948,attr_life_context_and_constraints__how_many_years_r_been_a_member_of_veteran_groups2__5b14c4478e,attr_life_context_and_constraints__how_many_years_r_been_a_member_of_veteran_groups3__9007af9518,how many years r been a member of veteran groups2,how many years r been a member of veteran groups3,Life Context & Constraints,Life Context & Constraints,life context and constraints,life context and constraints,0.9686,0.9796,0.7094,embedding_candidate,needs_llm_adjudication,embedding_retrieval+step4_heuristic,possible_duplicate,0.9796,0.934,alias_of,merge,symmetric,0.95,"The two attributes differ only by a trailing digit and have very high lexical and embedding similarity, indicating they are aliases of the same persona attribute.",0.936,openai,gpt-4.1-mini
pair_attr_life_context_and_constraints_ho__attr_life_context_and_constraints_ho__ecc2141a18a8,attr_life_context_and_constraints__how_many_years_r_been_a_member_of_veteran_groups1__4c6e3efcd1,attr_life_context_and_constraints__how_many_years_r_been_a_member_of_veteran_groups2__5b14c4478e,how many years r been a member of veteran groups1,how many years r been a member of veteran groups2,Life Context & Constraints,Life Context & Constraints,life context and constraints,life context and constraints,0.9718,0.9796,0.7094,embedding_candidate,needs_llm_adjudication,embedding_retrieval+step4_heuristic,possible_duplicate,0.9796,0.9358,duplicate_of,merge,symmetric,0.95,"The two attributes differ only by a trailing digit and have nearly identical labels, categories, and definitions, indicating they are duplicates.",0.9369,openai,gpt-4.1-mini
pair_attr_life_context_and_constraints_ho__attr_life_context_and_constraints_ho__75d16e4c53c0,attr_life_context_and_constraints__how_many_years_r_born_a_member_of_school_service_group__61e7f73268,attr_life_context_and_constraints__how_many_years_r_born_a_member_of_school_service_group__c40fa108f2,how many years r born a member of school service group2,how many years r born a member of school service group1,Life Context & Constraints,Life Context & Constraints,life context and constraints,life context and constraints,0.9656,0.9818,0.7094,embedding_candidate,needs_llm_adjudication,embedding_retrieval+step4_heuristic,possible_duplicate,0.9818,0.9329,alias_of,merge,symmetric,0.95,"The two attributes differ only by a trailing digit in the label but have identical category, subcategory, and definition context, indicating they are aliases.",0.9354,openai,gpt-4.1-mini
pair_attr_life_context_and_constraints_ho__attr_life_context_and_constraints_ho__813a47379103,attr_life_context_and_constraints__how_many_years_r_born_a_member_of_other_group1__8fecb1b4e8,attr_life_context_and_constraints__how_many_years_r_born_a_member_of_other_group2__8f46c0cfe7,how many years r born a member of other group1,how many years r born a member of other group2,Life Context & Constraints,Life Context & Constraints,life context and constraints,life context and constraints,0.965,0.9783,0.7094,embedding_candidate,needs_llm_adjudication,embedding_retrieval+step4_heuristic,possible_duplicate,0.9783,0.9317,alias_of,merge,symmetric,0.95,"The two attributes differ only by a suffix (other group1 vs other group2) but have identical definitions and high lexical and embedding similarity, indicating they are aliases.",0.9347,openai,gpt-4.1-mini
pair_attr_life_context_and_constraints_ho__attr_life_context_and_constraints_ho__2f989a5e6902,attr_life_context_and_constraints__how_many_years_r_born_a_member_of_farm_organization2__41a1a2e70e,attr_life_context_and_constraints__how_many_years_r_born_a_member_of_farm_organization3__b05ad390df,how many years r born a member of farm organization2,how many years r born a member of farm organization3,Life Context & Constraints,Life Context & Constraints,life context and constraints,life context and constraints,0.9687,0.9808,0.7094,embedding_candidate,needs_llm_adjudication,embedding_retrieval+step4_heuristic,possible_duplicate,0.9808,0.9344,alias_of,merge,symmetric,0.95,"The two attributes differ only by a trailing digit in the label and have very high lexical and embedding similarity, indicating they are aliases of the same persona attribute.",0.9362,openai,gpt-4.1-mini
pair_attr_life_context_and_constraints_ho__attr_life_context_and_constraints_ho__53d8e8793622,attr_life_context_and_constraints__how_many_years_r_been_a_member_of_veteran_groups4__217380032e,attr_life_context_and_constraints__how_many_years_r_been_a_member_of_veteran_groups5__42ed95f915,how many years r been a member of veteran groups4,how many years r been a member of veteran groups5,Life Context & Constraints,Life Context & Constraints,life context and constraints,life context and constraints,0.9633,0.9796,0.7094,embedding_candidate,needs_llm_adjudication,embedding_retrieval+step4_heuristic,possible_duplicate,0.9796,0.9311,alias_of,merge,symmetric,0.95,"The two attributes differ only by a trailing digit and have very high lexical and embedding similarity, indicating they are aliases or duplicates.",0.9344,openai,gpt-4.1-mini
pair_attr_life_context_and_constraints_ho__attr_life_context_and_constraints_ho__db5d9e0fb2f8,attr_life_context_and_constraints__how_many_years_r_been_a_member_of_veteran_groups1__4c6e3efcd1,attr_life_context_and_constraints__how_many_years_r_been_a_member_of_veteran_groups5__42ed95f915,how many years r been a member of veteran groups1,how many years r been a member of veteran groups5,Life Context & Constraints,Life Context & Constraints,life context and constraints,life context and constraints,0.9642,0.9796,0.7094,embedding_candidate,needs_llm_adjudication,embedding_retrieval+step4_heuristic,possible_duplicate,0.9796,0.9316,duplicate_of,merge,symmetric,0.95,"The attributes differ only by a trailing digit in the label, share the same category, subcategory, and source, and have very high lexical and embedding similarity, indicating they are duplicates.",0.9346,openai,gpt-4.1-mini
pair_attr_domain_specific_overlays_voting__attr_domain_specific_overlays_voting__e132d592e41c,attr_domain_specific_overlays__voting_intention_in_2024_election_post_july_25_2024__b2e0395310,attr_domain_specific_overlays__voting_intention_in_2024_election_pre_july_25_2024__b25ae17dcc,voting intention in 2024 election (post july 25 2024),voting intention in 2024 election (pre july 25 2024),Domain-Specific Overlays,Domain-Specific Overlays,uncategorized candidate,uncategorized candidate,0.9796,0.9524,0.7094,embedding_candidate,needs_llm_adjudication,embedding_retrieval+step4_heuristic,possible_duplicate,0.9524,0.9333,related_but_distinct,keep_separate,none,0.95,"Attributes refer to voting intention at different time points (pre and post July 25, 2024), so they are related but distinct and should be kept separate.",0.9352,openai,gpt-4.1-mini
pair_attr_life_context_and_constraints_sc__attr_life_context_and_constraints_sc__950032930d07,attr_life_context_and_constraints__school_frarternity1_meets_in_this_area__7b892ccc4e,attr_life_context_and_constraints__school_frarternity2_meets_in_this_area__584620d5af,school frarternity1 meets in this area,school frarternity2 meets in this area,Life Context & Constraints,Life Context & Constraints,life context and constraints,life context and constraints,0.964,0.9737,0.7094,embedding_candidate,needs_llm_adjudication,embedding_retrieval+step4_heuristic,possible_duplicate,0.9737,0.93,related_but_distinct,keep_separate,none,0.95,"Attributes refer to different school fraternities meeting in the area; they are related but distinct entities, not duplicates or aliases.",0.9337,openai,gpt-4.1-mini
pair_attr_life_context_and_constraints_ho__attr_life_context_and_constraints_ho__d7837aad3ce1,attr_life_context_and_constraints__how_many_years_r_born_a_member_of_youth_groups1__e0b21d60d6,attr_life_context_and_constraints__how_many_years_r_born_a_member_of_youth_groups3__909a069379,how many years r born a member of youth groups1,how many years r born a member of youth groups3,Life Context & Constraints,Life Context & Constraints,life context and constraints,life context and constraints,0.9625,0.9787,0.7094,embedding_candidate,needs_llm_adjudication,embedding_retrieval+step4_heuristic,possible_duplicate,0.9787,0.9305,alias_of,merge,symmetric,0.95,"The two attributes differ only by a trailing digit in the label and have very high lexical and embedding similarity, indicating they are aliases or duplicates.",0.934,openai,gpt-4.1-mini
pair_attr_life_context_and_constraints_ho__attr_life_context_and_constraints_ho__295f24154572,attr_life_context_and_constraints__how_many_years_r_been_a_member_of_political_club1__702abe9ece,attr_life_context_and_constraints__how_many_years_r_been_a_member_of_political_club2__7cec8b4179,how many years r been a member of political club1,how many years r been a member of political club2,Life Context & Constraints,Life Context & Constraints,life context and constraints,life context and constraints,0.9616,0.9796,0.7094,embedding_candidate,needs_llm_adjudication,embedding_retrieval+step4_heuristic,possible_duplicate,0.9796,0.9302,alias_of,merge,symmetric,0.95,"The two attributes differ only by a trailing digit and have nearly identical labels, categories, and definitions, indicating they are aliases.",0.9339,openai,gpt-4.1-mini
pair_attr_life_context_and_constraints_sc__attr_life_context_and_constraints_sc__438e063b959e,attr_life_context_and_constraints__school_frarternity1_meets_in_this_area__7b892ccc4e,attr_life_context_and_constraints__school_frarternity3_meets_in_this_area__f88299e872,school frarternity1 meets in this area,school frarternity3 meets in this area,Life Context & Constraints,Life Context & Constraints,life context and constraints,life context and constraints,0.9647,0.9737,0.7094,embedding_candidate,needs_llm_adjudication,embedding_retrieval+step4_heuristic,possible_duplicate,0.9737,0.9304,related_but_distinct,keep_separate,none,0.9,"Attributes refer to different school fraternities meeting in the area; they are related but distinct entities, not duplicates or aliases.",0.9114,openai,gpt-4.1-mini
pair_attr_life_context_and_constraints_ho__attr_life_context_and_constraints_ho__4d005887de12,attr_life_context_and_constraints__how_many_years_r_born_a_member_of_school_fraternity1__132b338949,attr_life_context_and_constraints__how_many_years_r_born_a_member_of_school_fraternity3__a5fb60651d,how many years r born a member of school fraternity1,how many years r born a member of school fraternity3,Life Context & Constraints,Life Context & Constraints,life context and constraints,life context and constraints,0.9606,0.9808,0.7094,embedding_candidate,needs_llm_adjudication,embedding_retrieval+step4_heuristic,possible_duplicate,0.9808,0.9299,alias_of,merge,symmetric,0.95,"The two attributes differ only by a trailing number in the label but have identical category, subcategory, and very high lexical and embedding similarity, indicating they are aliases.",0.9337,openai,gpt-4.1-mini
pair_attr_life_context_and_constraints_ho__attr_life_context_and_constraints_ho__8742248ff3cf,attr_life_context_and_constraints__how_many_years_r_born_a_member_of_literary_group2__a02334d81e,attr_life_context_and_constraints__how_many_years_r_born_a_member_of_literary_group3__022ae10f4c,how many years r born a member of literary group2,how many years r born a member of literary group3,Life Context & Constraints,Life Context & Constraints,life context and constraints,life context and constraints,0.9616,0.9796,0.7094,embedding_candidate,needs_llm_adjudication,embedding_retrieval+step4_heuristic,possible_duplicate,0.9796,0.9302,related_but_distinct,keep_separate,none,0.85,"Both attributes measure years born as a member of different literary groups (group2 vs group3), indicating related but distinct persona attributes rather than duplicates or aliases.",0.8889,openai,gpt-4.1-mini
pair_attr_life_context_and_constraints_ho__attr_life_context_and_constraints_ho__132b33e9d771,attr_life_context_and_constraints__how_many_years_r_born_a_member_of_professional_society__608868606e,attr_life_context_and_constraints__how_many_years_r_born_a_member_of_professional_society__f11059610a,how many years r born a member of professional society2,how many years r born a member of professional society3,Life Context & Constraints,Life Context & Constraints,life context and constraints,life context and constraints,0.9591,0.9818,0.7094,embedding_candidate,needs_llm_adjudication,embedding_retrieval+step4_heuristic,possible_duplicate,0.9818,0.9294,alias_of,merge,symmetric,0.95,"The two attributes have nearly identical labels and definitions, differing only by a trailing digit, indicating they are aliases of the same persona attribute.",0.9334,openai,gpt-4.1-mini
pair_attr_life_context_and_constraints_ho__attr_life_context_and_constraints_ho__19a459813511,attr_life_context_and_constraints__how_many_years_r_been_a_member_of_veteran_groups3__9007af9518,attr_life_context_and_constraints__how_many_years_r_been_a_member_of_veteran_groups5__42ed95f915,how many years r been a member of veteran groups3,how many years r been a member of veteran groups5,Life Context & Constraints,Life Context & Constraints,life context and constraints,life context and constraints,0.9603,0.9796,0.7094,embedding_candidate,needs_llm_adjudication,embedding_retrieval+step4_heuristic,possible_duplicate,0.9796,0.9295,duplicate_of,merge,symmetric,0.95,"The two attributes differ only by a trailing digit in the label but have identical category, subcategory, and very high lexical and embedding similarity, indicating they are duplicates.",0.9335,openai,gpt-4.1-mini
pair_attr_life_context_and_constraints_fa__attr_life_context_and_constraints_fa__6683ae074a9b,attr_life_context_and_constraints__father_s_occupational_prestige_score_1970__4f65483788,attr_life_context_and_constraints__father_s_occupational_prestige_score_1980__671255b36c,father's occupational prestige score (1970),father's occupational prestige score (1980),Life Context & Constraints,Life Context & Constraints,life context and constraints,life context and constraints,0.9612,0.9767,0.7094,embedding_candidate,needs_llm_adjudication,embedding_retrieval+step4_heuristic,possible_duplicate,0.9767,0.9292,related_but_distinct,keep_separate,none,0.95,"Attributes measure the same concept but for different years (1970 vs 1980), so they are related but distinct and should be kept separate.",0.9333,openai,gpt-4.1-mini
