file,path,id,record_index,age,age_band,gender,marital_status,education_level,occupation,occupation_group,city,state,country,zipcode,core,professional,hobbies,skills
Nemotron_34278737.yaml,personas/existing_data_curation/curated_personas/Nemotron_34278737.yaml,34278737,13420,51,45-54,Female,married_present,associates,construction_equipment_operator,trades_operations,Allen Park,MI,USA,48101,"Tamara Bledsoe is a safety‑focused heavy‑equipment pro who channels their competitive drive into weekend vintage car restoration, bowling leagues, and smoky BBQ, all while juggling a slightly chaotic schedule and a steadfast ambition to empower more women i...","Tamara Bledsoe, a veteran heavy‑equipment operator with three decades of experience, combines a rigorously structured safety‑first mindset with a flexible, improvisational approach that lets them quickly adapt on unpr...","['Vintage automobile restoration','Woodworking','Gardening','Bowling league participation','Reading mechanics and equipment magazines','Grilling and cooking','Fishing on local lakes','Church youth outreach volunteering']","['Excavator operation','Bulldozer operation','Backhoe loader operation','Heavy equipment maintenance','OSHA safety compliance','Blueprint reading and site plan interpretation','..."
Nemotron_33325DB8.yaml,personas/existing_data_curation/curated_personas/Nemotron_33325DB8.yaml,33325DB8,40354,22,18-24,Male,never_married,high_school,construction_manager,business,Bridge City,TX,USA,77611,"Aaron Vanwey blends disciplined organization with a community‑focused heart, juggling construction sites, guitar strings, and weekend hikes while navigating a budget, back pain, and a habit of leaving dishes in the sink too long; they manage it all with rel...","Aaron Vanwey is a 22‑year‑old construction site manager who leverages Procore, Microsoft Project, and a methodical, safety‑first mindset to coordinate crews, keep budgets on track, and translate blueprints into action...","[""Basketball"", ""Flag Football"", ""Fishing"", ""Hiking"", ""DIY Home Improvement"", ""Habitat for Humanity Volunteering"", ""Food Pantry Volunteering"", ""Acoustic Guitar"", ""Live Music Events"", ""Construction Trade Podcasts""]","[""Site Coordination"", ""Project Scheduling"", ""Budget Management"", ""Cost Estimation"", ""Blueprint Reading"", ""Construction Safety Compliance"", ""Team Leadership"", ""Conflict Resolutio..."
Nemotron_4BC61C7D.yaml,personas/existing_data_curation/curated_personas/Nemotron_4BC61C7D.yaml,4BC61C7D,52705,92,65+,Female,widowed,bachelors,not_in_workforce,nontraditional_or_student,Swampscott,MA,USA,1907,"Susan Doiron is a curious yet cautious 92‑year‑old who blends solitary learning with modest competition, worries about health and finances, and finds solace in knitting, gardening, and quiet literary circles, where they often reflect on their own stories.","Susan Doiron, a retired elementary school teacher with forty years of experience, blends their practical curriculum‑development expertise with a relaxed, small‑group mentoring style while channeling their competitive...","['Reading historical fiction', 'Garden care (native coastal plants)', 'Knitting and crocheting', 'Birdwatching', 'Crossword puzzles', 'Family genealogy research', 'Visiting local museums', 'Small book club participati...","['Elementary Teaching', 'Curriculum Development', 'Literacy Tutoring', 'Community Volunteer Coordination', 'Gardening', 'Knitting', 'Genealogy Research', 'Storytelling']"
Nemotron_802770C4.yaml,personas/existing_data_curation/curated_personas/Nemotron_802770C4.yaml,802770C4,19467,55,55-64,Male,divorced,some_college,baggage_porter_bellhop_or_concierge,other,Phoenix,AZ,USA,85053,"Orlando Chu, a 55‑year‑old hospitality pro who blends desert‑hiking spontaneity, vintage‑car restoration, and Mexican‑cuisine passion into a warm, curiosity‑driven life style, navigating flexibility and occasional disorganization while delivering memorable...","Orlando Chu, a 55‑year‑old hospitality veteran with three decades of hands‑on experience in luggage handling, guest greeting, and concierge services, leverages their bilingual fluency, curiosity for emerging hospitali...","['Hiking the Sonoran Desert trails', 'Landscape photography', 'Traditional Mexican cooking', 'Playing acoustic guitar', 'Attending local festivals (Cinco de Mayo, Día de los Muertos)', 'Watching Arizona Diamondbacks b...","['Customer service', 'Baggage handling', 'Concierge service', 'Bilingual communication (Spanish/English)', 'Knowledge of Phoenix attractions', 'Hospitality software (OPERA PMS)..."
Nemotron_1415A1F3.yaml,personas/existing_data_curation/curated_personas/Nemotron_1415A1F3.yaml,1415A1F3,52178,43,35-44,Male,separated,graduate,secondary_school_teacher,education,Bronx,NY,USA,10469,"Jon Anderson is a curiosity‑driven educator who balances disciplined routines with spontaneous cultural adventures, occasionally over‑indulging in coffee and camera upgrades while keeping a steady foot on pragmatic responsibilities.","Jon Anderson is a seasoned humanities teacher at a Bronx public high school who blends interdisciplinary curricula with technology, using his curiosity for new pedagogies and practical classroom management to foster s...","[""Reading classic and contemporary literature"", ""Urban photography"", ""Chess"", ""Cooking multicultural dishes"", ""Running/jogging"", ""Volunteer tutoring"", ""Attending local art exhibitions"", ""Listening to jazz and indie fo...","[""Curriculum design"", ""Differentiated instruction"", ""Educational technology integration"", ""Classroom management"", ""Student assessment"", ""Literary analysis"", ""Historical research..."
Nemotron_490124D5.yaml,personas/existing_data_curation/curated_personas/Nemotron_490124D5.yaml,490124D5,27763,32,25-34,Female,married_present,9th_12th_no_diploma,stationary_engineer_or_boiler_operator,technology,Port Royal,PA,USA,17082,"Nora Posey, a 32‑year‑old boiler engineer with a sketchbook always tucked under their arm, blends a competitive drive for efficiency with a laid‑back, sometimes chaotic approach to life, turning every spare moment into a chance to paint rusted locomotives,...","Nora Posey, a 32‑year‑old stationary engineer, leverages their Category 3 license and a knack for unconventional fixes to keep a regional boiler plant humming while mentoring junior technicians and pushing a competiti...","['Sketching industrial and historical subjects', 'Watercolor painting', 'Vintage steam locomotive restoration', 'Reading speculative fiction', 'Hiking Appalachian Trail sections', 'Photography of rural landscapes', 'D...","['Stationary engineering (Category 3 license)', 'Boiler operation and preventive maintenance', 'HVAC system troubleshooting', 'Electrical diagnostics', 'Blueprint and schematic..."
Nemotron_990CEAFD.yaml,personas/existing_data_curation/curated_personas/Nemotron_990CEAFD.yaml,990CEAFD,48605,21,18-24,Male,never_married,less_than_9th,emergency_medical_technician,healthcare,Charleston,TN,USA,37310,"Christian Carter melds EMT precision with Appalachian artistry, juggling ambulance runs, watercolor sketches, and spontaneous guitar jam sessions, all while organizing community clean-ups on a color-coded calendar and habitually doodling patient vitals in t...","Christian Carter, a 21-year-old EMT in Bradley County, delivers rapid patient assessments and decisive on-scene care with meticulous documentation, while their organized, compassionate nature drives them to lead commu...","['sketching and watercolor painting of Appalachian landscapes', 'photography of local festivals and natural scenery', 'playing acoustic guitar and attending bluegrass jam sessions', 'hiking and fishing in the surround...","['patient assessment and triage', 'CPR and AED operation', 'basic trauma care and wound management', 'medication administration (e.g., epinephrine, oxygen therapy)', 'use of EMS..."
Nemotron_449493B0.yaml,personas/existing_data_curation/curated_personas/Nemotron_449493B0.yaml,449493B0,16729,48,45-54,Female,divorced,high_school,industrial_or_refractory_machinery_mechanic,creative,Browns Mills,NJ,USA,8015,"Laurie Cortez fuses the precision of a refinery mechanic with the flair of a karaoke star, juggling worry‑driven spreadsheets, spontaneous garden projects, and an ever‑growing collection of vintage tools while always stealing the spotlight at community gath...","Laurie Cortez, a 48‑year‑old industrial and refractory machinery mechanic, blends expert diagnostic, MIG/TIG welding, and blueprint reading skills with a gregarious, mentorship‑focused style that turns safety briefing...","['Karaoke and community theater', 'DIY home repair projects', 'Gardening and landscaping', 'Cooking and trying new recipes', 'Motorcycle and hot‑rod shows', 'Walking/hiking in local nature trails', 'Yoga and mindfulne...","['Industrial machinery repair', 'Refractory furnace maintenance', 'Hydraulic and pneumatic system troubleshooting', 'Welding (MIG/TIG)', 'Blueprint reading and schematics interp..."
Nemotron_1DBA2AED.yaml,personas/existing_data_curation/curated_personas/Nemotron_1DBA2AED.yaml,1DBA2AED,18776,30,25-34,Female,separated,bachelors,financial_or_investment_analyst,technology,Walnut,MS,USA,38683,"Kristine Owens blends analytical rigor with a love for garden‑to‑table cooking, punctuated by a habit of late‑night chess puzzles and an aversion to over‑committing social events, and they often prioritize quiet evenings over large gatherings.","Kristine Owens, a 30‑year‑old investment analyst, marries meticulous quantitative modeling with pragmatic ESG‑focused valuation, delivering concise, data‑driven recommendations that reflect their organized, methodical...","[""Reading non-fiction (economics, history, behavioral finance)"", ""Gardening (vegetable garden)"", ""Hiking local nature trails"", ""Cooking Southern cuisine"", ""Yoga and mindfulness practice"", ""Volunteering at community fi...","[""Financial modeling"", ""Equity valuation"", ""Fixed‑income analysis"", ""Risk assessment"", ""Data analysis (Excel, Python, SQL)"", ""Bloomberg Terminal expertise"", ""Investment research..."
Nemotron_B3D88E3B.yaml,personas/existing_data_curation/curated_personas/Nemotron_B3D88E3B.yaml,B3D88E3B,45310,55,55-64,Male,widowed,graduate,physician,healthcare,Norman,OK,USA,73071,"Clarence Austin, a 55‑year‑old physician‑artist, merges prairie‑rooted humility with boundless imagination, spends evenings sketching sunsets, quietly champions senior art‑therapy, and habitually over‑waters his garden while neglecting his own sunscreen.","Clarence Austin, a 55‑year‑old board‑certified internal medicine physician specializing in geriatric care, blends his disciplined yet flexible approach and quiet empathy to lead interdisciplinary research that integra...","['Watercolor landscapes', 'Classical piano playing', 'Reading speculative fiction and philosophy', 'Reflective journaling and poetry', 'Nature photography', 'Garden cultivation', 'Volunteering at hospice', 'Participat...","['Board-Certified Internal Medicine', 'Geriatric Care', 'Personalized Medicine and Bioinformatics', 'Clinical Research Design', 'Medical Education and Curriculum Development', '..."
Nemotron_4EE87CA6.yaml,personas/existing_data_curation/curated_personas/Nemotron_4EE87CA6.yaml,4EE87CA6,39165,39,35-44,Female,married_present,some_college,manager,business,Essex Junction,VT,USA,5452,"Ronda Colbert blends relentless operational ambition with a love of Vermont’s seasonal rhythms, indulging in craft‑brewing, mystery novels, and meticulous budgeting, yet they sometimes neglect dental appointments and over‑salt dishes when multitasking.","Ronda Colbert leads retail operations with a data‑driven, pragmatic style, blending strong project‑management and Excel expertise with a curiosity for innovative process improvements that cut costs while boosting team...","['Hiking', 'Cross‑Country Skiing', 'Apple‑Picking', 'Book Club', 'Volunteer Work at Farmer’s Market', 'Gardening', 'Photography', 'Knitting', 'Cooking New England Cuisine', 'Home Craft‑Brewing']","['Team Leadership', 'Project Management', 'Operational Budgeting', 'Workflow Optimization', 'Conflict Resolution', 'Data‑Driven Decision‑Making', 'Effective Communication', 'Inv..."
Nemotron_D59FEFCC.yaml,personas/existing_data_curation/curated_personas/Nemotron_D59FEFCC.yaml,D59FEFCC,49545,78,65+,Male,divorced,9th_12th_no_diploma,first_line_supervisor_of_office_or_administrative_support_worker,other,Adelanto,CA,USA,92301,"Widley Cooper is a structured, socially vibrant senior who blends meticulous organization with heartfelt community service, yet they wrestle with chronic worry, occasional forgetfulness, and a habit of hoarding coupons for future projects.","Widley Cooper is a seasoned office administration veteran who leverages three decades of supervisory expertise to orchestrate efficient clerical operations, and they combine a methodical, structured approach with comp...","['Card games (bridge, poker)', 'Community volunteering', 'Senior group outings', 'Gardening', 'Woodworking', 'Cooking traditional Southern cuisine', 'Listening to soul and jazz music', 'Attending church services and c...","['Office administration', 'Team supervision', 'Staff scheduling', 'Training and mentorship', 'Customer service', 'Conflict resolution', 'Records management', 'Microsoft Office S..."
Nemotron_205E2957.yaml,personas/existing_data_curation/curated_personas/Nemotron_205E2957.yaml,205E2957,49758,63,55-64,Female,never_married,associates,education_or_childcare_administrator,education,Gainesville,GA,USA,30501,"Hortensia Ortizramos blends a lifelong love of bright folk art, community mentorship, and spontaneous salsa steps, all while juggling a gentle forgetfulness about appointments and an unshakable belief that flexibility fuels joy.","Hortensia Ortizramos, a seasoned education administrator with three decades of early‑childhood curriculum development and bilingual program leadership, leverages their curiosity and sociable nature to mentor emerging...","['Painting', 'Traditional Honduran Cooking', 'Gardening', 'Attending Art Exhibitions', 'Community Dance Classes', 'Reading Historical Fiction', 'Nature Walking', 'Volunteer Tutoring', 'Traveling to Honduras', 'Knitting']","['Early Childhood Curriculum Development', 'Staff Supervision and Mentoring', 'Bilingual Communication (Spanish/English)', 'Community Outreach and Partnership', 'Program Evaluat..."
Nemotron_F13BF368.yaml,personas/existing_data_curation/curated_personas/Nemotron_F13BF368.yaml,F13BF368,26743,38,35-44,Male,separated,less_than_9th,heating_air_conditioning_or_refrigeration_mechanic_or_installer,trades_operations,Elma,WA,USA,98541,"Mark Pasquier blends the steady rhythm of HVAC precision with solitary outdoor pursuits, living a measured life that values reliable systems, modest comforts, and steady progress toward sustainable community leadership.","Mark Pasquier, a 38-year-old HVAC and refrigeration mechanic in Grays Harbor County, combines precise blueprint interpretation, copper‑brazing expertise, and a calm, structured demeanor to deliver reliable system inst...","['Fishing', 'Woodworking', 'Gardening', 'Hiking', 'Electronic hobby kits', 'Reading trade magazines', 'Listening to classic rock/folk music', 'Community center volunteer work']","['HVAC system installation', 'Preventive maintenance', 'Electrical troubleshooting', 'Refrigerant handling (EPA certified)', 'Blueprint and schematic reading', 'Ductwork fabrica..."
Nemotron_4D5B795C.yaml,personas/existing_data_curation/curated_personas/Nemotron_4D5B795C.yaml,4D5B795C,8102,81,65+,Female,widowed,graduate,interior_designer,creative,Arvada,CO,USA,80005,"Barbara Rushing, an 81‑year‑old design veteran, balances a meticulous, community‑focused mindset with a quiet love for native gardens, gentle yoga, and a penchant for perfecting sourdough crusts.","Barbara Rushing, an 81‑year‑old retired interior designer living in Arvada, blends her disciplined project management, keen eye for historic design details, and calm, collaborative spirit to mentor emerging designers...","['Gardening (Colorado native plants)', 'Hiking', 'Reading (classic literature and design books)', 'Volunteering at historical society', 'Attending local theater', 'Gentle yoga', 'Tai chi', 'Baking artisan breads', 'Kn...","['Space planning', 'Color theory', 'Historical design styles', 'Sustainable material sourcing', 'AutoCAD', 'SketchUp', 'Revit', 'Project management', 'Budgeting', 'Vendor negoti..."
Nemotron_59ECBA7F.yaml,personas/existing_data_curation/curated_personas/Nemotron_59ECBA7F.yaml,59ECBA7F,28331,54,45-54,Male,never_married,high_school,cement_mason_concrete_finisher_or_terrazzo_worker,other,Cayey,PR,USA,736,"Edgar Icaza is a structured, hands-on mason who balances a love for fishing, woodworking, and traditional music with a disciplined work ethic, occasional indulgence in salty feasts, and a gentle stubbornness about embracing new financial tech.","Edgar Icaza is a veteran cement mason with three decades of concrete finishing and terrazzo expertise, whose methodical, detail-oriented approach and love for structured teamwork position them for a foreman role and e...","['fishing', 'gardening', 'listening to bomba and plena music', 'attending local festivals', 'cooking Puerto Rican cuisine', 'playing dominoes', 'watching baseball', 'woodworking', 'reading construction magazines', 'wa...","['cement masonry', 'concrete finishing', 'terrazzo installation', 'blueprint reading', 'formwork construction', 'surface treatment', 'terrazzo polishing', 'structural repair', '..."
Nemotron_7C4D0B1D.yaml,personas/existing_data_curation/curated_personas/Nemotron_7C4D0B1D.yaml,7C4D0B1D,7788,22,18-24,Male,separated,9th_12th_no_diploma,sales_representative_of_services,business,Denham Springs,LA,USA,70726,"Riley Jerkins is a sociable 22‑year‑old sales rep who balances a love for community gatherings, loud karaoke, and spontaneous outdoor adventures with an aspiring plan to lock down a modest home and a future leadership role, all while occasionally letting th...","Riley Jerkins is a 22‑year‑old sales associate at a regional service provider in Denham Springs, where they channel a naturally talkative, relationship‑focused style into building long‑term client connections, expertl...","[""Karaoke and live‑music nights"", ""Open‑mic comedy and improv sessions"", ""Watching LSU football and New Orleans Saints games"", ""Pickup basketball games"", ""Fishing trips on the Atchafalaya Basin"", ""Hunting outings"", ""C...","[""Customer relationship management"", ""Persuasive communication"", ""Negotiation and objection handling"", ""Active listening"", ""Networking and community outreach"", ""Basic CRM softwa..."
Nemotron_9E903E68.yaml,personas/existing_data_curation/curated_personas/Nemotron_9E903E68.yaml,9E903E68,10606,33,25-34,Female,married_present,bachelors,registered_nurse,healthcare,Southern Pines,NC,USA,28387,"Idalia Tavarez is a methodical yet wildly imaginative nurse‑artist who channels their deep sense of community responsibility into healing practices, while quietly battling a chronic worry habit that fuels both their relentless preparation and occasional ove...","Idalia Tavarez, a registered nurse specializing in clinical assessment, IV therapy, wound care, and health informatics, blends meticulous documentation with imaginative art‑integrated therapeutic sessions, while their...","['Watercolor Painting', 'Abstract Sketching', 'Photography', 'Creative Writing (speculative fiction)', 'Reading Science Fiction & Fantasy', 'Playing the Flute', 'Hiking in the Sandhills', 'Gardening (herb garden)', 'N...","['Patient Assessment', 'IV Therapy', 'Wound Care', 'Medication Administration', 'Electronic Health Record Management', 'Health Informatics', 'Data Analysis', 'Evidence‑Based Pra..."
Nemotron_B79FC56C.yaml,personas/existing_data_curation/curated_personas/Nemotron_B79FC56C.yaml,B79FC56C,14136,64,55-64,Female,divorced,associates,construction_laborer,trades_operations,Jacksonville,FL,USA,32258,"Norma Statham is a hands‑on, community‑driven DIY enthusiast who balances a love for heavy equipment and swing dancing with a habit of forgetting appointments but never forgetting to share a freshly baked treat with a neighbor.","Norma Statham is a seasoned construction professional with three decades of hands‑on experience operating forklifts, backhoes, and loaders, who leverages they practical problem‑solving instincts and collaborative crew...","['Line dancing', 'Swing dancing', 'Gardening', 'Community volunteer work at senior center', 'Craft workshops', 'Attending riverfront festivals', 'Reading historical fiction', 'DIY home improvement projects']","['Heavy equipment operation', 'Concrete mixing and finishing', 'Framing and carpentry', 'Roofing installation and repair', 'Blueprint and plan interpretation', 'OSHA safety comp..."
Nemotron_C01FE0C5.yaml,personas/existing_data_curation/curated_personas/Nemotron_C01FE0C5.yaml,C01FE0C5,18652,42,35-44,Male,widowed,some_college,postsecondary_teacher,education,Reno,NV,USA,89512,"Allan Bonner, a 42‑year‑old bilingual educator, guitar‑strumming vinyl collector, and potluck host, balances curiosity and practicality with a relaxed, sometimes disorganized lifestyle, never missing a chance to share stories over music and food.","Allan Bonner, a 42‑year‑old community‑college instructor, crafts immersive bilingual curricula that blend active‑learning technology with Mexican literary classics, channeling their curiosity‑driven yet practical mind...","['Playing Acoustic Guitar', 'Cooking Mexican and Fusion Cuisine', 'Hiking in the Sierra Nevada', 'Participating in Improv Comedy Workshops', 'Hosting Community Potlucks and Trivia Nights', 'Volunteering with Veteran a...","['Bilingual Instruction (English/Spanish)', 'Community College Curriculum Design', 'Active‑Learning and Experiential Pedagogy', 'Educational Technology Integration (LMS, interac..."
Nemotron_35B1F91A.yaml,personas/existing_data_curation/curated_personas/Nemotron_35B1F91A.yaml,35B1F91A,26723,26,25-34,Male,married_present,less_than_9th,software_developer,technology,Medford,OR,USA,97504,"Felix Ball blends a structured, detail‑oriented mindset with a love for vintage motorcycles, methodical coding, and planned outdoor adventures, all while balancing family life and an occasional splurge on hobby supplies.","A full‑stack developer named Felix Ball leverages Python, TypeScript, and AWS to build reliable, well‑documented applications, applying test‑driven development, CI/CD pipelines, and disciplined Agile Scrum practices w...","['Hiking (Rogue River Canyon)', 'Fishing', 'Cycling', 'Motorcycle restoration', 'Board games', 'Coffee brewing', 'Reading (science‑fiction, software architecture)', 'Volunteer coding mentor']","['Python', 'JavaScript', 'TypeScript', 'Node.js', 'React', 'Vue', 'SQL (PostgreSQL, MySQL)', 'Git', 'Agile (Scrum)', 'Test‑Driven Development', 'CI/CD (GitHub Actions, Jenkins)'..."
Nemotron_34D350AA.yaml,personas/existing_data_curation/curated_personas/Nemotron_34D350AA.yaml,34D350AA,41107,47,45-54,Female,divorced,some_college,graphic_designer,creative,Wilkinson,IN,USA,46186,"Jynette Veronie is a charismatic, curiosity‑driven designer who balances community‑centric ambition with playful urgency for seasonal creativity, often juggling vintage décor cravings and a habit of answering late‑night emails during garden evenings.","Jynette Veronie, a seasoned graphic designer from Indiana, blends advanced typography, motion graphics, and front‑end web design to create sustainable brand identities for small‑town businesses, and they harness their...","['Community theater acting', 'Watercolor painting', 'Gardening', 'Hiking', 'Photography', 'Book club', 'Cooking and hosting dinner parties', 'Volunteering at local historical society', 'Attending art fairs and gallery...","['Adobe Photoshop', 'Adobe Illustrator', 'Adobe InDesign', 'Typography', 'Brand Identity Design', 'Print Production', 'Digital Illustration', 'Social Media Content Creation', 'B..."
Nemotron_5D867F0B.yaml,personas/existing_data_curation/curated_personas/Nemotron_5D867F0B.yaml,5D867F0B,33133,22,18-24,Male,never_married,bachelors,no_occupation,other,Chicago,IL,USA,60611,"Kenneth Jackson balances a data-driven career, organized finances, and a proactive health routine with a love for basketball, rap, and cooking, all while wrestling with occasional worry that fuels meticulous planning and occasional overthinking.","Kenneth Jackson, a data-analysis enthusiast with a solid grounding in Python, R, and laboratory techniques, channels their systematic problem-solving and clear communication into building reproducible dashboards for p...","['Playing basketball in a local league', 'Participating in freestyle rap cyphers', 'Cooking traditional soul food dishes', 'Volunteering at youth STEM outreach programs', 'Yoga and guided meditation', 'Exploring urban...","['Python programming', 'R statistical analysis', 'Laboratory techniques (PCR, gel electrophoresis, microscopy)', 'Data visualization (Matplotlib, ggplot2)', 'Technical writing',..."
Nemotron_9338C7B5.yaml,personas/existing_data_curation/curated_personas/Nemotron_9338C7B5.yaml,9338C7B5,15972,85,65+,Female,widowed,9th_12th_no_diploma,medical_or_health_services_manager,healthcare,Norton,VA,USA,24273,"Olivia Fallows blends meticulous organization, relentless community spirit, and a touch of worry‑driven caution into a life of service, creativity, and steadfast Southern hospitality.","Olivia Fallows, a veteran healthcare administrator with decades of experience in budget management, staff scheduling, and regulatory compliance, channels her methodical, organized nature and talkative, community‑centr...","['Gardening', 'Quilting and crocheting', 'Reading historical fiction and memoirs', 'Walking Appalachian trails', 'Church participation and choir singing', 'Volunteering at senior center', 'Playing bridge', 'Knitting c...","['Healthcare administration', 'Budget management', 'Staff scheduling', 'Regulatory compliance', 'Quality improvement', 'Patient advocacy', 'Community health outreach', 'Senior c..."
Nemotron_57BF3BCE.yaml,personas/existing_data_curation/curated_personas/Nemotron_57BF3BCE.yaml,57BF3BCE,10309,53,45-54,Female,separated,high_school,civil_engineer,technology,Anderson,SC,USA,29625,"Andrea Stone blends meticulous engineering precision with an artist’s eye, channels curiosity into sustainable community projects, enjoys quiet contemplation through gardening and birdwatching, and they occasionally indulge in nostalgic Southern flavors whi...","A seasoned civil engineer, Andrea Stone leverages AutoCAD, Civil 3D, and GIS to integrate structural analysis with public art and historic preservation, leading multidisciplinary teams through meticulous project manag...","['Visiting local art galleries', 'Landscape photography', 'Gardening', 'Hiking in the Blue Ridge foothills', 'Reading historical non-fiction', 'Community volunteer work on park projects', 'Cooking Southern cuisine', '...","['Project Management', 'Structural Analysis', 'AutoCAD', 'Civil 3D', 'GIS Mapping', 'Water Resources Engineering', 'Environmental Impact Assessment', 'Budgeting and Cost Estimat..."
Nemotron_8338511D.yaml,personas/existing_data_curation/curated_personas/Nemotron_8338511D.yaml,8338511D,50569,63,55-64,Male,married_present,associates,driver_sales_worker_or_truck_driver,business,Lemmon,SD,USA,57638,"Roger Cardwell is a 63‑year‑old solitary trucker turned aspiring owner‑operator whose competitive precision in logistics coexists with a restless artistic imagination that drives them to capture sunrise skies, craft memoirs, and pursue quiet, self‑directed...","Roger Cardwell, a seasoned long‑haul truck driver on the cusp of becoming an independent owner‑operator, blends decades of DOT‑compliant route planning, mechanical troubleshooting, and freight‑contract negotiation wit...","['Landscape photography', 'Watercolor sketching', 'Reading speculative fiction and philosophy', 'Writing travel memoirs', 'Model truck building', 'Woodworking', 'Stargazing', 'Listening to classical and ambient music']","['Long‑haul trucking', 'Route planning and optimization', 'Vehicle maintenance and mechanical troubleshooting', 'DOT safety compliance', 'Customer relationship management', 'Fre..."
Nemotron_85BC48DA.yaml,personas/existing_data_curation/curated_personas/Nemotron_85BC48DA.yaml,85BC48DA,43991,69,65+,Female,divorced,graduate,special_education_teacher,education,Auburn,AL,USA,36832,"Desiree Hawks blends a competitive bridge streak, community gardening enthusiasm, relentless curiosity for inclusive education, and warm Southern hospitality, all underscored by an ever‑present worry and a relaxed, sometimes chaotic, approach to life.","Desiree Hawks, a veteran special‑education teacher with four decades of classroom experience, blends Southern‑rooted hospitality with data‑driven IEP design, assistive‑technology integration, and collaborative co‑teac...","[""Community gardening"", ""Local historical society meetings"", ""Bridge tournaments"", ""Senior center volunteering"", ""Book club participation"", ""Southern cooking and potluck gatherings"", ""Nature trail walking"", ""Genealogy...","[""Individualized Education Program (IEP) development"", ""Behavior management and de‑escalation"", ""Differentiated instruction"", ""Assistive technology integration"", ""Collaborative..."
Nemotron_B98C5B2C.yaml,personas/existing_data_curation/curated_personas/Nemotron_B98C5B2C.yaml,B98C5B2C,2218,42,35-44,Male,never_married,less_than_9th,bus_driver_school,trades_operations,Sartell,MN,USA,56377,"Bradley Jacobs is a sociable, hands‑on bus driver who swaps tire checks for basketball games, occasionally forgets to file receipts, and they secretly strive to turn their love of community routes into a senior shuttle venture.","Bradley Jacobs, a veteran school bus driver in Sartell, combines his innate curiosity about vehicle mechanics with a pragmatic, people‑first mindset to safely navigate school routes, perform routine bus maintenance, k...","['Pickup basketball', 'Fishing and kayaking on local lakes', 'Camping and hiking in state parks', 'Coaching youth sports', 'Listening to classic rock and country music', 'Amateur photography of local scenery', 'Partic...","['Safe school bus operation', 'Route planning and on‑the‑fly adjustments', 'Basic mechanical troubleshooting and maintenance', 'First‑aid and emergency response', 'Child supervi..."
Nemotron_B45AEC82.yaml,personas/existing_data_curation/curated_personas/Nemotron_B45AEC82.yaml,B45AEC82,10824,29,25-34,Female,never_married,bachelors,musician_or_singer,creative,Toledo,OH,USA,43606,"Iris Gibbs is a disciplined yet outgoing 29‑year‑old indie vocalist who channels competitive ambition into soulful songwriting, balances meticulous budgets with spontaneous kitchen experiments, and occasionally forgets to floss after late‑night gigs.","Iris Gibbs, a 29‑year‑old vocalist‑songwriter and indie musician, pairs soulful R&B and pop vocals with meticulous production planning—handling piano‑driven arrangements, DIY lighting cues, and tight budget spreadshee...","[""Hip‑hop dance"", ""Spin classes"", ""Soul food cooking"", ""Reading contemporary African‑American literature"", ""Music mentorship volunteering"", ""Concert photography"", ""Visiting art museums"", ""Attending live music venues"",...","[""Vocal performance (R&B, soul, pop)"", ""Piano proficiency"", ""Basic guitar chords"", ""Songwriting"", ""Music arrangement for small ensembles"", ""Live performance production (stage se..."
Nemotron_C90FE6D0.yaml,personas/existing_data_curation/curated_personas/Nemotron_C90FE6D0.yaml,C90FE6D0,48741,21,18-24,Female,separated,some_college,stocker_or_order_filler,other,Bowling Green,KY,USA,42101,"Olga Ocampo balances meticulous logistical expertise with a vibrant artistic spirit, navigating anxiety through structured routines, creative expression, and a love for cultural celebrations.","Olga Ocampo is a diligent stocker and order filler at a regional retailer, leveraging bilingual fluency, Excel mastery, and a keen eye for visual appeal to train new hires, streamline inventory, and aspire to transiti...","[""Visiting art galleries and murals"", ""Watercolor sketching"", ""Reading contemporary fiction and poetry"", ""Learning and dancing salsa"", ""Yoga and mindfulness meditation"", ""Photography of urban and rural scenes"", ""Cooki...","[""Inventory Management"", ""Order Fulfillment"", ""Warehouse Safety Procedures"", ""Data Entry"", ""Microsoft Excel"", ""Spanish (fluent)"", ""Customer Service"", ""Time Management"", ""Basic G..."
Nemotron_868AC826.yaml,personas/existing_data_curation/curated_personas/Nemotron_868AC826.yaml,868AC826,41263,63,55-64,Male,widowed,9th_12th_no_diploma,bus_driver_transit_or_intercity,trades_operations,Baltimore,MD,USA,21216,"Im Yang is a curious, sociable bus veteran who blends a love for art and Korean cooking with a laid-back, slightly disorganized lifestyle, constantly seeking ways to make everyday commutes more vibrant.","Im Yang, a 63-year-old veteran bus driver with three decades of route-optimization expertise, now mentors new drivers while championing culturally inclusive transit planning.","[""Visiting art museums and galleries"", ""Korean cooking and culinary experimentation"", ""Karaoke with friends"", ""Playing mahjong"", ""Community volunteer work"", ""Local historical tours"", ""Attending live music performances...","[""Commercial driving (CDL)"", ""Customer service and conflict resolution"", ""Route planning and navigation"", ""Vehicle safety inspection"", ""Basic vehicle maintenance"", ""Bilingual co..."
Nemotron_A1028890.yaml,personas/existing_data_curation/curated_personas/Nemotron_A1028890.yaml,A1028890,38463,29,25-34,Male,married_present,associates,insurance_sales_agent,business,Overland Park,KS,USA,66210,"Jordan Reynolds is a results‑driven insurance pro who balances competitive ambition with a vibrant social life, an appetite for arts and travel, and a methodical approach to health and finance, all while occasionally over‑booking their calendar.","Jordan Reynolds is a high‑performing insurance sales agent who leverages meticulous risk assessment, Salesforce mastery, and polished public‑speaking to exceed quotas, and they orchestrate networking mixers that showc...","['Visiting contemporary art galleries', 'Attending experimental theater', 'Reading non‑fiction (psychology, marketing, tech)', 'Photography (urban street scenes)', 'Hosting dinner parties', 'Organizing networking mixe...","['Insurance sales', 'Client relationship management', 'Negotiation', 'Risk assessment', 'Policy analysis', 'CRM software (Salesforce)', 'Public speaking', 'Networking event orga..."
Nemotron_D6B5CC29.yaml,personas/existing_data_curation/curated_personas/Nemotron_D6B5CC29.yaml,D6B5CC29,34139,46,45-54,Female,divorced,graduate,mechanical_engineer,technology,Billings,MT,USA,59102,"Keren Benhabib blends disciplined engineering precision with a warm, community‑focused spirit, juggling meticulous project planning, modest financial caution, and a love for the outdoors while occasionally over‑committing to volunteer work and letting stres...","Keren Benhabib, a seasoned mechanical engineer with a graduate business degree, leverages her methodical problem solving, organized workflow, and empathetic leadership to drive lean manufacturing projects and ensure r...","['Hiking', 'Trail running', 'Skiing', 'Yoga', 'Meditation', 'Group fitness classes (Zumba, indoor cycling)', 'Bridge (card game)', 'Local theater', 'Volunteer work at food bank', 'STEM mentorship', 'Hosting dinner par...","['Mechanical design', 'Computer-Aided Design (CAD)', 'Finite Element Analysis (FEA)', 'Project management', 'Lean manufacturing', 'Supply chain coordination', 'Budgeting and cos..."
Nemotron_2CCE4882.yaml,personas/existing_data_curation/curated_personas/Nemotron_2CCE4882.yaml,2CCE4882,34209,18,18-24,Male,never_married,high_school,physical_therapist_assistant_or_aide,healthcare,Kendall,WI,USA,54638,"James Baron is a quiet-minded, detail-driven 18-year-old who balances a compassionate aide career with solitary hobbies, structured routines, and a constant undercurrent of anxiety that fuels both meticulous care and occasional impulsive hobby splurges.","James Baron, an 18-year-old physical therapist aide, blends meticulous attention to patient vitals with a calming, compassionate demeanor, allowing them to create structured yet flexible rehab sessions that soothe anx...","['Reading health‑science books', 'Solo hiking and nature photography', 'Birdwatching', 'Playing acoustic guitar', 'Journaling and reflective writing', 'Meditation and mindfulness practice', 'Model kit building', 'Fish...","['Patient assessment assistance', 'Therapeutic exercise support', 'Manual handling and positioning', 'Vital signs monitoring', 'Electronic health record documentation', 'Compass..."
Nemotron_BE2218D9.yaml,personas/existing_data_curation/curated_personas/Nemotron_BE2218D9.yaml,BE2218D9,11959,67,65+,Female,divorced,less_than_9th,elementary_or_middle_school_teacher,education,Saint Louis,MO,USA,63108,"Briana Ni, a disciplined educator who pairs relentless curiosity with a practical, competitive streak, meticulously waters their garden every morning, yet they habitually misplace their reading glasses, embodying a blend of Midwestern tenacity and gentle co...","Briana Ni, a veteran elementary educator with over three decades of expertise in literacy and foundational math, leverages their meticulous lesson planning, data-driven assessment, and competitive drive to mentor novi...","['Gardening', 'Walking/Hiking in Forest Park', 'Reading historical nonfiction', 'Quilting', 'Attending jazz and blues concerts', 'Volunteer computer tutoring for seniors', 'Genealogy research']","['Lesson planning', 'Classroom management', 'Curriculum development', 'Differentiated instruction', 'Assessment design and data analysis', 'Educational technology integration',..."
Nemotron_4A0DFD53.yaml,personas/existing_data_curation/curated_personas/Nemotron_4A0DFD53.yaml,4A0DFD53,30174,38,35-44,Male,married_present,bachelors,designer,creative,Hillsdale,WY,USA,82060,"Roberto Perez, a 38‑year‑old design strategist, melds solitary creativity with a relentless curiosity, navigating stress through mindful rituals while they strive to bridge cultural narratives in visual storytelling.","Roberto Perez, a 38‑year‑old visual communication specialist, blends graphic design, UX, and bilingual storytelling to craft culturally resonant brand identities for forward‑thinking agencies, while leveraging a metic...","['Hiking', 'Landscape Photography', 'Art History Reading', 'Cooking Spanish Cuisine', 'Calligraphy', 'Listening to Jazz and Classical Music', 'Small‑Group Art Workshops', 'Meditation', 'Yoga', 'Volunteering at Communi...","['Graphic Design', 'Digital Illustration', 'User Experience (UX) Design', 'Brand Identity Development', 'Typography', 'Adobe Creative Suite (Photoshop, Illustrator, InDesign)',..."
Nemotron_EC83A4FB.yaml,personas/existing_data_curation/curated_personas/Nemotron_EC83A4FB.yaml,EC83A4FB,19502,59,55-64,Female,widowed,high_school,shoe_or_leather_worker,other,Stetson,ME,USA,4488,"Melanie Durga, a 59‑year‑old compassionate leather artisan who balances curiosity with a laid‑back, sometimes forgetful nature, channels love for nature, community, and vintage craft into a humble workshop while worrying about the future and cherishing simp...","Melanie Durga, a seasoned leather artisan with three decades of shoe‑making and repair expertise, blends meticulous pattern drafting and hand‑stitching with a relaxed, sometimes disorganized approach to inventory and...","['Gardening', 'Knitting', 'Hiking in Penobscot forests', 'Reading mystery novels', 'Birdwatching', 'Community volunteering', 'Cooking New England dishes', 'Collecting vintage shoes', 'DIY home repairs']","['Leather crafting', 'Shoe repair', 'Pattern drafting', 'Hand stitching', 'Material sourcing', 'Customer service', 'Workshop safety', 'Basic bookkeeping', 'Mentoring apprentices']"
Nemotron_590FB918.yaml,personas/existing_data_curation/curated_personas/Nemotron_590FB918.yaml,590FB918,18849,26,25-34,Male,separated,associates,sales_or_related_worker,business,Cedar Rapids,IA,USA,52402,"Charles Hodgin is a quietly ambitious strategist who balances a love for solitary puzzles with a relentless drive to streamline sales, all while habitually counting steps on a smartwatch and leaving coffee mugs on the desk as trophies.","Charles Hodgin is a data‑driven industrial equipment sales specialist who leverages meticulous Salesforce CRM management, consultative listening, and a methodical workflow‑optimizing mindset to exceed quotas while the...","['Reading non‑fiction (business, psychology, productivity)', 'Crossword and Sudoku puzzles', 'Woodworking and furniture making', 'Vegetable gardening', 'Volunteering at the local food bank', 'Birdwatching', 'Quiet nat...","['Customer relationship management (CRM) using Salesforce', 'Data analysis and sales forecasting with Excel', 'Consultative and solution‑based selling', 'Negotiation and contrac..."
Nemotron_617FDA86.yaml,personas/existing_data_curation/curated_personas/Nemotron_617FDA86.yaml,617FDA86,1963,38,35-44,Male,widowed,graduate,life_physical_or_social_science_technician,trades_operations,Uniontown,AR,USA,72955,"Michael Orr is a calm, methodical scientist who blends a love of solitary nature pursuits with community outreach, never shying away from a well‑timed guitar riff or a pragmatic financial decision.","Michael Orr, a 38‑year‑old environmental laboratory specialist, blends meticulous molecular biology expertise—PCR, HPLC, and GIS data analysis—with a pragmatic, safety‑first mindset, and, with their calm, methodical a...","['Fly fishing', 'Hiking in the Ozark National Forest', 'Woodworking', 'Reading scientific literature', 'Amateur astronomy', 'Volunteering for community science events', 'Playing acoustic guitar', 'Gardening']","['Molecular biology techniques (PCR, gel electrophoresis)', 'Chromatography (HPLC, GC)', 'Spectroscopy (UV-Vis, IR)', 'Environmental sample collection', 'GIS mapping and spatial..."
Nemotron_76826190.yaml,personas/existing_data_curation/curated_personas/Nemotron_76826190.yaml,76826190,17449,24,18-24,Female,never_married,some_college,engineer,technology,Salt Lake City,UT,USA,84115,"Ana Alanis balances a meticulous engineering mindset with an adventurous palate, yet they habitually forget to water their indoor succulents while juggling trail hikes, salsa spins, and late‑night sci‑fi marathons.","Ana Alanis, a 24‑year‑old junior civil engineer, they blend strong structural analysis and Python automation skills with a curiosity‑driven yet practical mindset, enabling them to streamline design workflows while adv...","['Hiking', 'Cooking Mexican cuisine', 'Salsa dancing', 'Reading science-fiction', 'STEM mentorship volunteering', 'Traveling']","['AutoCAD', 'Revit', 'SAP2000', 'Python scripting', 'Data analysis', 'Site surveying', 'Project management', 'Technical writing']"
Nemotron_E10A4092.yaml,personas/existing_data_curation/curated_personas/Nemotron_E10A4092.yaml,E10A4092,32624,72,65+,Female,separated,less_than_9th,not_in_workforce,nontraditional_or_student,Hartford,CT,USA,6106,"Vonceil Stone blends disciplined budgeting with spontaneous craft bursts, channels a storytelling flair into community advocacy, and balances a love for tradition in music, food, and quilting with a healthy skepticism that keeps them vigilant and occasional...","Vonceil Stone, a budding senior advocate, channels their decades of caregiving, meticulous budgeting, and oral storytelling expertise into helping Hartford elders navigate benefits, all while occasionally diverging fr...","['Cooking soul food and experimenting with recipes', 'Quilting and crocheting', 'Listening to gospel and R&B music', 'Attending church services', 'Gentle gardening at community plot', 'Reading historical fiction and b...","['Home budgeting', 'Meal planning and cooking traditional dishes', 'Caregiving and elder support', 'Conflict mediation', 'Oral storytelling and cultural preservation', 'Basic di..."
Nemotron_202B69C4.yaml,personas/existing_data_curation/curated_personas/Nemotron_202B69C4.yaml,202B69C4,50096,46,45-54,Female,married_present,high_school,medical_assistant,healthcare,Tilton,NH,USA,3276,"Marylou Matos blends disciplined organization with solitary creativity, turning clinic efficiency, garden rows, and crossword grids into a predictable rhythm that both comforts and subtly competes with the world around her.","Marylou Matos, a Certified Medical Assistant with a knack for tightening clinic workflow, leverages her meticulous inventory tracking and EHR expertise to troubleshoot bottlenecks while training staff on compliance, a...","['Gardening', 'Reading historical nonfiction', 'Small book club', 'Yoga', 'Pilates', 'Crossword puzzles', 'Sudoku', 'Knitting', 'Solo hiking', 'Volunteer inventory organization']","['Vital signs measurement', 'Phlebotomy', 'Patient intake and triage', 'Electronic health record (EHR) documentation', 'Medical billing and coding basics', 'Inventory management..."
Nemotron_F85A537F.yaml,personas/existing_data_curation/curated_personas/Nemotron_F85A537F.yaml,F85A537F,38657,55,55-64,Male,divorced,bachelors,educational_guidance_or_career_counselor_or_advisor,education,Bristol,RI,USA,2809,"Robert Hanna balances a love of orderly career counseling with a spontaneous flair for sailing, theater, and gardening, all while humorously juggling missed deadlines and a habit of over‑seasoning his cooking.","Robert Hanna, a seasoned career counselor with a STEM foundation, blends data‑driven labor‑market analysis with a compassionate, hands‑on approach, turning his love of structure into meticulously crafted individualize...","['Sailing','Hiking','Community theater','Playing guitar','Gardening','Volunteering at youth mentorship programs','Cooking','Reading historical biographies','Attending local festivals']","['Career counseling','Academic advising','Resume writing','Interview coaching','Group facilitation','Labor market analysis','STEM curriculum knowledge','Program evaluation','Con..."
Nemotron_CEA84184.yaml,personas/existing_data_curation/curated_personas/Nemotron_CEA84184.yaml,CEA84184,49889,20,18-24,Male,never_married,associates,producer_or_director,creative,Morgantown,WV,USA,26508,"Shawn Hasan fuses calm, methodical filmmaking with a restless curiosity for Appalachia’s hidden stories, occasionally over‑packing camera gear for no reason and binge‑watching folk documentaries late into the night, and they never miss a sunrise hike, even...","Shawn Hasan, a 20‑year‑old film production student who blends meticulous pre‑production planning with experimental visual storytelling, uses Adobe Premiere Pro and DaVinci Resolve on set, calmly orchestrates crew sche...","['Hiking and Trail Exploration', 'Landscape Photography', 'Acoustic Guitar Playing', 'Reading Film Theory and Folklore', 'Community Theater Workshops', 'Analog Photography', 'Mentoring Youth in Media Outreach']","['Video Editing (Adobe Premiere Pro, DaVinci Resolve)', 'Camera Operation (Canon C-Series, Sony A7)', 'Lighting Design', 'Sound Recording & Mixing', 'Storyboarding & Script Anal..."
Nemotron_E3818ACA.yaml,personas/existing_data_curation/curated_personas/Nemotron_E3818ACA.yaml,E3818ACA,44277,43,35-44,Male,widowed,9th_12th_no_diploma,installation_maintenance_or_repair_worker,other,Holualoa,HI,USA,96725,"A detail‑oriented electrician named David Maragh balances a quiet love of island solitude with a persistent undercurrent of worry, turning meticulous work and solo hobbies into a steady rhythm of calm productivity, and they often schedule brief mindfulness...","A meticulous electrician and renewable‑energy specialist named David Maragh brings methodical documentation, precise troubleshooting, and a quiet, independent work style to residential solar installations across the i...","[""Solo hiking on volcanic trails"", ""Freshwater fishing in local streams"", ""Cultivating a small herb garden and coffee plant cuttings"", ""Landscape photography of sunrise over the Pacific"", ""Tinkering with vintage elect...","[""Electrical wiring and troubleshooting"", ""HVAC installation, repair, and preventive maintenance"", ""Refrigeration system servicing and EPA Section 608 certification"", ""Plumbing..."
Nemotron_F1F563CF.yaml,personas/existing_data_curation/curated_personas/Nemotron_F1F563CF.yaml,F1F563CF,12028,25,25-34,Female,married_present,some_college,healthcare_support_worker,healthcare,Polk,NE,USA,68654,"Gabriella Gonzalez is a bilingual clinic caregiver who blends structured efficiency with spontaneous compassion, juggling competitive volleyball, salsa dancing, and a cautious yet occasionally impulsive financial style, all while navigating stress‑filled sh...","Gabriella Gonzalez is a clinic support specialist who excels at taking vital signs, phlebotomy, and basic wound care, leveraging bilingual fluency to bridge communication gaps while thriving on structured protocols an...","['Salsa dancing', 'Community volunteering', 'Cooking Mexican cuisine', 'Hiking', 'Recreational volleyball', 'Yoga', 'Gardening', 'Traveling to visit family in Mexico']","['Patient intake and vital signs', 'Phlebotomy', 'Basic wound care', 'Medical record documentation', 'Bilingual communication (Spanish/English)', 'Team coordination and shift su..."
Nemotron_25FCCFFB.yaml,personas/existing_data_curation/curated_personas/Nemotron_25FCCFFB.yaml,25FCCFFB,48131,69,65+,Female,widowed,graduate,preschool_or_kindergarten_teacher,education,Wilmington,DE,USA,19801,"Sonya Draheim blends a steadfast love of routine with occasional pockets of crafty spontaneity, soothing their chronic worries through the steady rhythms of knitting, gardening, and nurturing young minds.","Sonya Draheim, a veteran early‑childhood educator with over four decades of classroom experience, channels their love of routine and spontaneous flexibility into carefully paced daily schedules, leveraging their curri...","['Knitting', 'Gardening', 'Reading classic literature', 'Walking along the river', 'Birdwatching', 'Small book club meetings', 'Baking traditional recipes', 'Attending local craft fairs']","['Early childhood curriculum design', 'Classroom routine implementation', 'Adaptive lesson planning', 'Child development assessment', 'Parent‑teacher communication', 'First aid..."
Nemotron_26653E3E.yaml,personas/existing_data_curation/curated_personas/Nemotron_26653E3E.yaml,26653E3E,27828,47,45-54,Female,never_married,less_than_9th,retail_salesperson,business,Fairbanks,AK,USA,99701,"Nina Archer blends frontier resilience with a curious, solitary spirit, balancing practical problem‑solving in retail with a love for aurora photography, spontaneous outdoor pursuits, and a habit of over‑stocking inventory while occasionally missing deadlines.","Nina Archer is a seasoned retail specialist in Fairbanks, mastering outdoor‑gear sales, inventory flow, and on‑the‑fly display design, while leveraging her calm, pragmatic demeanor to mentor staff and pursue a store‑m...","[""Hiking"", ""Snowshoeing"", ""Aurora photography"", ""Reading nature guides and folklore"", ""Knitting and gear repair"", ""Participating in a small book club"", ""Volunteering at community library (outdoor literature)"", ""Cookin...","[""Customer service"", ""Cash handling and POS operation"", ""Inventory management and stock replenishment"", ""Product knowledge of outdoor and survival gear"", ""Quick display setup an..."
Nemotron_49E15D14.yaml,personas/existing_data_curation/curated_personas/Nemotron_49E15D14.yaml,49E15D14,18256,60,55-64,Female,separated,high_school,sewing_machine_operator,trades_operations,Washington,DC,USA,20020,"Loretta Assad channels an ever‑bubbling imagination into textile art, balancing a fiercely competitive drive with a relaxed, disorganized schedule, thriving on community energy while remaining skeptical of quick promises and delighting in late‑night fabric‑...","Loretta Assad is a seasoned industrial sewing machine operator turned aspiring textile artist, wielding their mastery of pattern drafting, fabric selection, and African American quilting traditions to produce avant‑ga...","['Visiting Smithsonian museums and African American cultural exhibits', 'Attending local art shows and jazz performances', 'Reading speculative fiction and contemporary poetry', 'Participating in community drum circle...","['Industrial sewing machine operation', 'Machine maintenance and troubleshooting', 'Pattern drafting and alteration', 'Fabric selection and sourcing', 'Creative textile and abst..."
Nemotron_0387A053.yaml,personas/existing_data_curation/curated_personas/Nemotron_0387A053.yaml,0387A053,19214,44,35-44,Male,divorced,bachelors,computer_programmer,technology,Edgewood,NM,USA,87015,"Hector Estrada is a methodical full‑stack developer who paints abstract canvases, strums classical guitar, hikes solitary peaks, and obsessively tracks finances—balancing disciplined routines with spontaneous bursts of creative indulgence.","Hector Estrada, a seasoned full‑stack software developer, weaves together Python, JavaScript, and C++ expertise with a humanities‑informed eye for visual storytelling, leading cross‑functional teams to craft scalable...","[""Oil painting"", ""Digital illustration"", ""Creative coding (p5.js, Processing)"", ""Reading speculative fiction"", ""Studying philosophy"", ""Playing classical guitar"", ""Hiking in the Sandia Mountains"", ""Photography of deser...","[""Python"", ""JavaScript"", ""C++"", ""React"", ""Node.js"", ""SQL/PostgreSQL"", ""Git"", ""Agile/Scrum"", ""UI/UX design"", ""Creative coding (p5.js, Processing)"", ""Digital illustration"", ""Bilin..."
